-- phpMyAdmin SQL Dump
-- version 5.2.1
-- https://www.phpmyadmin.net/
--
-- 主機： 127.0.0.1
-- 產生時間： 2023-10-24 08:01:03
-- 伺服器版本： 10.4.28-MariaDB
-- PHP 版本： 8.2.4

SET SQL_MODE = "NO_AUTO_VALUE_ON_ZERO";
START TRANSACTION;
SET time_zone = "+00:00";


/*!40101 SET @OLD_CHARACTER_SET_CLIENT=@@CHARACTER_SET_CLIENT */;
/*!40101 SET @OLD_CHARACTER_SET_RESULTS=@@CHARACTER_SET_RESULTS */;
/*!40101 SET @OLD_COLLATION_CONNECTION=@@COLLATION_CONNECTION */;
/*!40101 SET NAMES utf8mb4 */;

--
-- 資料庫： `final_project`
--

-- --------------------------------------------------------

--
-- 資料表結構 `arrow_length`
--

CREATE TABLE `arrow_length` (
  `id` tinyint(4) NOT NULL,
  `name` varchar(6) NOT NULL
) ENGINE=InnoDB DEFAULT CHARSET=utf8mb4 COLLATE=utf8mb4_general_ci;

--
-- 傾印資料表的資料 `arrow_length`
--

INSERT INTO `arrow_length` (`id`, `name`) VALUES
(1, '85mm'),
(2, '95mm'),
(3, '105mm'),
(4, '110mm');

-- --------------------------------------------------------

--
-- 資料表結構 `arrow_meterial`
--

CREATE TABLE `arrow_meterial` (
  `id` tinyint(4) NOT NULL,
  `name` varchar(6) NOT NULL
) ENGINE=InnoDB DEFAULT CHARSET=utf8mb4 COLLATE=utf8mb4_general_ci;

--
-- 傾印資料表的資料 `arrow_meterial`
--

INSERT INTO `arrow_meterial` (`id`, `name`) VALUES
(1, '碳'),
(2, '鋁'),
(3, '木'),
(4, '竹');

-- --------------------------------------------------------

--
-- 資料表結構 `arrow_shaft`
--

CREATE TABLE `arrow_shaft` (
  `id` tinyint(4) NOT NULL,
  `name` varchar(6) NOT NULL
) ENGINE=InnoDB DEFAULT CHARSET=utf8mb4 COLLATE=utf8mb4_general_ci;

--
-- 傾印資料表的資料 `arrow_shaft`
--

INSERT INTO `arrow_shaft` (`id`, `name`) VALUES
(1, '1913'),
(2, '2014'),
(3, '7620'),
(4, '8023');

-- --------------------------------------------------------

--
-- 資料表結構 `bow_length`
--

CREATE TABLE `bow_length` (
  `id` tinyint(4) NOT NULL,
  `name` varchar(6) NOT NULL
) ENGINE=InnoDB DEFAULT CHARSET=utf8mb4 COLLATE=utf8mb4_general_ci;

--
-- 傾印資料表的資料 `bow_length`
--

INSERT INTO `bow_length` (`id`, `name`) VALUES
(1, '並寸'),
(2, '二寸伸'),
(3, '四寸伸'),
(4, '六寸伸');

-- --------------------------------------------------------

--
-- 資料表結構 `bow_meterial`
--

CREATE TABLE `bow_meterial` (
  `id` tinyint(4) NOT NULL,
  `name` varchar(6) NOT NULL
) ENGINE=InnoDB DEFAULT CHARSET=utf8mb4 COLLATE=utf8mb4_general_ci;

--
-- 傾印資料表的資料 `bow_meterial`
--

INSERT INTO `bow_meterial` (`id`, `name`) VALUES
(1, '竹'),
(2, '竹碳'),
(3, '玻璃'),
(4, '玻璃碳');

-- --------------------------------------------------------

--
-- 資料表結構 `bow_strength`
--

CREATE TABLE `bow_strength` (
  `id` tinyint(4) NOT NULL,
  `name` varchar(6) NOT NULL
) ENGINE=InnoDB DEFAULT CHARSET=utf8mb4 COLLATE=utf8mb4_general_ci;

--
-- 傾印資料表的資料 `bow_strength`
--

INSERT INTO `bow_strength` (`id`, `name`) VALUES
(1, '10kg'),
(2, '15kg'),
(3, '20kg'),
(4, '25kg');

-- --------------------------------------------------------

--
-- 資料表結構 `coupon`
--

CREATE TABLE `coupon` (
  `id` int(11) NOT NULL,
  `name` varchar(20) NOT NULL,
  `discount` int(5) NOT NULL,
  `type` tinyint(2) NOT NULL COMMENT '1=*打折 2=-折價',
  `deadline` datetime NOT NULL,
  `valid` tinyint(2) NOT NULL DEFAULT 1
) ENGINE=InnoDB DEFAULT CHARSET=utf8mb4 COLLATE=utf8mb4_general_ci;

--
-- 傾印資料表的資料 `coupon`
--

INSERT INTO `coupon` (`id`, `name`, `discount`, `type`, `deadline`, `valid`) VALUES
(1, '中秋射月亮', 9, 1, '2999-12-31 00:00:00', 1),
(2, '中秋搗月兔', 9, 1, '2999-12-31 00:00:00', 0),
(3, '情人節特惠', 150, 2, '2023-02-14 00:00:00', 1),
(4, '聖誕購物優惠', 7, 1, '2023-12-25 00:00:00', 1),
(5, '暑期促銷', 200, 2, '2023-08-31 00:00:00', 1),
(6, '新春大放送', 120, 2, '2024-01-31 00:00:00', 1),
(7, '清明踏青', 800, 2, '2024-04-04 00:00:00', 1),
(8, '夏日瘋狂', 8, 1, '2023-08-01 00:00:00', 1),
(9, '感恩節特惠', 180, 2, '2023-11-24 00:00:00', 1),
(10, '春季清潔', 100, 2, '2024-04-15 00:00:00', 1),
(11, '特別慶祝', 300, 2, '2023-10-15 00:00:00', 1),
(12, '周年慶典', 5, 1, '2023-11-15 00:00:00', 1),
(13, '職工節優惠', 500, 2, '2023-07-01 00:00:00', 1),
(14, '萬聖嚇人好康', 8, 1, '2023-10-31 00:00:00', 1);

-- --------------------------------------------------------

--
-- 資料表結構 `course`
--

CREATE TABLE `course` (
  `id` int(6) NOT NULL,
  `name` varchar(255) NOT NULL,
  `capacity` int(6) NOT NULL,
  `level` varchar(255) NOT NULL,
  `rating` varchar(10) DEFAULT NULL,
  `price` int(6) NOT NULL,
  `location` varchar(255) NOT NULL,
  `start_date` date NOT NULL,
  `end_date` date DEFAULT NULL,
  `deadline` date DEFAULT NULL,
  `start_time` time NOT NULL,
  `hour` int(2) NOT NULL,
  `syllabus_id` int(6) DEFAULT NULL,
  `intro` varchar(1000) DEFAULT NULL,
  `images` varchar(255) DEFAULT NULL,
  `description` varchar(1000) DEFAULT NULL,
  `faq_id` int(6) DEFAULT NULL,
  `is_released` int(1) NOT NULL,
  `is_deleted` int(1) NOT NULL,
  `teacher_id` int(6) NOT NULL,
  `created_at` timestamp NOT NULL DEFAULT current_timestamp()
) ENGINE=InnoDB DEFAULT CHARSET=utf8mb4 COLLATE=utf8mb4_general_ci;

--
-- 傾印資料表的資料 `course`
--

INSERT INTO `course` (`id`, `name`, `capacity`, `level`, `rating`, `price`, `location`, `start_date`, `end_date`, `deadline`, `start_time`, `hour`, `syllabus_id`, `intro`, `images`, `description`, `faq_id`, `is_released`, `is_deleted`, `teacher_id`, `created_at`) VALUES
(1, '弓道初探：射法八節（北）', 18, '初探', '3.6', 1500, '藏月弓道場', '2023-10-28', '2023-10-28', '2023-10-14', '09:00:00', 4, 1, '在這個初階課程中，我們將專注於射法八節，這是射箭技巧的核心，包括站位、拿弓、拉弦、瞄準、放箭、射程、觀察和修正。透過專業導師的指導，您將學會正確的技巧和動作，並能夠提高射箭的精確度。\r\n                <br /><br/>\r\n                課程內容包括射箭基礎知識，如射箭的歷史、器材的選擇，以及射箭場地的特點。我們將提供安全的學習環境，並教授射箭的安全原則。\r\n                <br /><br/>\r\n                課程還將為您提供充足的練習時間，以確保您能夠在實際操作中應用所學。最重要的是，您將有機會與其他射箭愛好者互動，共同享受這個迷人的運動。\r\n                <br /><br/>\r\n                不論您的目標是追求競技射箭還是純粹享受休閒娛樂，「弓道初探：射法八節」都是一切的基石。踏上射箭之旅，體驗這個古老而令人著迷的運動的奇妙之處。', '/images/course/course_1.webp', NULL, 1, 1, 0, 1, '2023-08-26 08:00:00'),
(2, '弓道初探：射法八節（中）', 18, '初探', '4', 1500, '岡達弓道場', '2023-10-28', '2023-10-28', '2023-10-14', '09:00:00', 4, 1, '在這個初階課程中，我們將專注於射法八節，這是射箭技巧的核心，包括站位、拿弓、拉弦、瞄準、放箭、射程、觀察和修正。透過專業導師的指導，您將學會正確的技巧和動作，並能夠提高射箭的精確度。\r\n                <br /><br/>\r\n                課程內容包括射箭基礎知識，如射箭的歷史、器材的選擇，以及射箭場地的特點。我們將提供安全的學習環境，並教授射箭的安全原則。\r\n                <br /><br/>\r\n                課程還將為您提供充足的練習時間，以確保您能夠在實際操作中應用所學。最重要的是，您將有機會與其他射箭愛好者互動，共同享受這個迷人的運動。\r\n                <br /><br/>\r\n                不論您的目標是追求競技射箭還是純粹享受休閒娛樂，「弓道初探：射法八節」都是一切的基石。踏上射箭之旅，體驗這個古老而令人著迷的運動的奇妙之處。', '/images/course/course_1.webp', NULL, 1, 1, 0, 4, '2023-08-26 08:00:00'),
(3, '弓道初探：射法八節（南）', 18, '初探', '3.88888888', 1500, '駁二弓道場', '2023-10-28', '2023-10-28', '2023-10-14', '09:00:00', 4, 1, '在這個初階課程中，我們將專注於射法八節，這是射箭技巧的核心，包括站位、拿弓、拉弦、瞄準、放箭、射程、觀察和修正。透過專業導師的指導，您將學會正確的技巧和動作，並能夠提高射箭的精確度。\r\n                <br /><br/>\r\n                課程內容包括射箭基礎知識，如射箭的歷史、器材的選擇，以及射箭場地的特點。我們將提供安全的學習環境，並教授射箭的安全原則。\r\n                <br /><br/>\r\n                課程還將為您提供充足的練習時間，以確保您能夠在實際操作中應用所學。最重要的是，您將有機會與其他射箭愛好者互動，共同享受這個迷人的運動。\r\n                <br /><br/>\r\n                不論您的目標是追求競技射箭還是純粹享受休閒娛樂，「弓道初探：射法八節」都是一切的基石。踏上射箭之旅，體驗這個古老而令人著迷的運動的奇妙之處。', '/images/course/course_1.webp', NULL, 1, 1, 0, 7, '2023-08-26 08:00:00'),
(4, '弓道初探：草捲行射（北）', 18, '初探', '2.5', 2800, '藏月弓道場', '2023-11-04', '2023-11-05', '2023-10-30', '09:00:00', 3, 2, '我們將教授您草捲行射的基本技術，包括弓的選擇、箭的製作、射擊姿勢和準確瞄準的要點。這是弓道的一個重要方面，將讓您在射擊中取得更好的成績。\r\n<br /><br/>\r\n我們的經驗豐富的弓道教練將親自指導您，確保您在課程中取得良好的進展。他們將分享他們的知識和技巧，並提供個性化的建議，以幫助您不斷改進。\r\n<br /><br/>\r\n我們非常重視安全，因此課程中的所有活動都將在合適的設施和配備下進行，以確保您的安全和舒適。這不僅僅是一個課程，還是一個機會，讓您與其他弓道愛好者建立聯繫，分享經驗，並共同享受這個精彩的運動。', '/images/course/course_2.webp', NULL, 2, 1, 0, 1, '2023-09-26 08:00:00'),
(5, '弓道初探：草捲行射（中）', 18, '初探', '0', 2800, '岡達弓道場', '2023-11-04', '2023-11-05', '2023-10-30', '09:00:00', 3, 2, '我們將教授您草捲行射的基本技術，包括弓的選擇、箭的製作、射擊姿勢和準確瞄準的要點。這是弓道的一個重要方面，將讓您在射擊中取得更好的成績。\r\n<br /><br/>\r\n我們的經驗豐富的弓道教練將親自指導您，確保您在課程中取得良好的進展。他們將分享他們的知識和技巧，並提供個性化的建議，以幫助您不斷改進。\r\n<br /><br/>\r\n我們非常重視安全，因此課程中的所有活動都將在合適的設施和配備下進行，以確保您的安全和舒適。這不僅僅是一個課程，還是一個機會，讓您與其他弓道愛好者建立聯繫，分享經驗，並共同享受這個精彩的運動。', '/images/course/course_2.webp', NULL, 2, 1, 0, 4, '2023-08-26 08:00:00'),
(6, '弓道初探：草捲行射（南）', 18, '初探', '5', 2800, '駁二弓道場', '2023-11-04', '2023-11-05', '2023-10-30', '09:00:00', 3, 2, '我們將教授您草捲行射的基本技術，包括弓的選擇、箭的製作、射擊姿勢和準確瞄準的要點。這是弓道的一個重要方面，將讓您在射擊中取得更好的成績。\r\n<br /><br/>\r\n我們的經驗豐富的弓道教練將親自指導您，確保您在課程中取得良好的進展。他們將分享他們的知識和技巧，並提供個性化的建議，以幫助您不斷改進。\r\n<br /><br/>\r\n我們非常重視安全，因此課程中的所有活動都將在合適的設施和配備下進行，以確保您的安全和舒適。這不僅僅是一個課程，還是一個機會，讓您與其他弓道愛好者建立聯繫，分享經驗，並共同享受這個精彩的運動。', '/images/course/course_2.webp', NULL, 2, 1, 0, 7, '2023-08-26 08:00:00'),
(7, '弓道初探：一般行射（北）', 18, '初探', '5', 2800, '藏月弓道場', '2023-11-11', '2023-11-12', '2023-11-06', '09:00:00', 3, 3, '我們將教授您一般行射的基本技術，包括弓的選擇、箭的製作、射擊姿勢和準確瞄準的要點。這是弓道的一個重要方面，將讓您在射擊中取得更好的成績。\r\n<br /><br/>\r\n我們的經驗豐富的弓道教練將親自指導您，確保您在課程中取得良好的進展。他們將分享他們的知識和技巧，並提供個性化的建議，以幫助您不斷改進。\r\n<br /><br/>\r\n我們非常重視安全，因此課程中的所有活動都將在合適的設施和配備下進行，以確保您的安全和舒適。這不僅僅是一個課程，還是一個機會，讓您與其他弓道愛好者建立聯繫，分享經驗，並共同享受這個精彩的運動。', '/images/course/course_3.webp', NULL, 3, 1, 0, 1, '2023-08-26 08:00:00'),
(8, '弓道初探：一般行射（中）', 18, '初探', '5', 2800, '岡達弓道場', '2023-11-11', '2023-11-12', '2023-11-06', '09:00:00', 3, 3, '我們將教授您一般行射的基本技術，包括弓的選擇、箭的製作、射擊姿勢和準確瞄準的要點。這是弓道的一個重要方面，將讓您在射擊中取得更好的成績。\r\n<br /><br/>\r\n我們的經驗豐富的弓道教練將親自指導您，確保您在課程中取得良好的進展。他們將分享他們的知識和技巧，並提供個性化的建議，以幫助您不斷改進。\r\n<br /><br/>\r\n我們非常重視安全，因此課程中的所有活動都將在合適的設施和配備下進行，以確保您的安全和舒適。這不僅僅是一個課程，還是一個機會，讓您與其他弓道愛好者建立聯繫，分享經驗，並共同享受這個精彩的運動。', '/images/course/course_3.webp', NULL, 3, 1, 0, 4, '2023-08-26 08:00:00'),
(9, '弓道初探：一般行射（南）', 18, '初探', '5', 2800, '駁二弓道場', '2023-11-11', '2023-11-12', '2023-11-06', '09:00:00', 3, 3, '我們將教授您一般行射的基本技術，包括弓的選擇、箭的製作、射擊姿勢和準確瞄準的要點。這是弓道的一個重要方面，將讓您在射擊中取得更好的成績。\r\n<br /><br/>\r\n我們的經驗豐富的弓道教練將親自指導您，確保您在課程中取得良好的進展。他們將分享他們的知識和技巧，並提供個性化的建議，以幫助您不斷改進。\r\n<br /><br/>\r\n我們非常重視安全，因此課程中的所有活動都將在合適的設施和配備下進行，以確保您的安全和舒適。這不僅僅是一個課程，還是一個機會，讓您與其他弓道愛好者建立聯繫，分享經驗，並共同享受這個精彩的運動。', '/images/course/course_3.webp', NULL, 3, 1, 0, 7, '2023-08-26 08:00:00'),
(10, '弓道中階：審查流程（北）', 10, '中階', '0', 5000, '藏月弓道場', '2023-11-21', '2023-12-01', '2023-11-17', '18:00:00', 3, 4, '本課程旨在深入探討弓道中階的技巧和審查流程。無論您是一位經驗豐富的弓手，還是剛剛完成初階課程的學員，都將受益於這個課程。\r\n<br /><br/>\r\n課程內容包括弓的保養和調整、弓道的倫理準則和安全標準、段位審查流程「基本體」之深入瞭解，比賽和測試的規則和程序。課程後期將以五人一組實踐「體配」審查流程。\r\n<br /><br/>\r\n這個課程將提供您所需的知識和技能，使您能夠更自信地參加弓道比賽或提高自己的技術水平。不論您的目標是成為一位優秀的弓手還是只是享受弓道運動的樂趣，本課程都將為您提供有價值的訊息和指導。', '/images/course/course_4.webp', NULL, 4, 1, 0, 2, '2023-08-26 08:00:00'),
(11, '弓道中階：審查流程（中）', 10, '中階', '0', 5000, '岡達弓道場', '2023-11-21', '2023-12-01', '2023-11-17', '18:00:00', 3, 4, '本課程旨在深入探討弓道中階的技巧和審查流程。無論您是一位經驗豐富的弓手，還是剛剛完成初階課程的學員，都將受益於這個課程。\r\n<br /><br/>\r\n課程內容包括弓的保養和調整、弓道的倫理準則和安全標準、段位審查流程「基本體」之深入瞭解，比賽和測試的規則和程序。課程後期將以五人一組實踐「體配」審查流程。\r\n<br /><br/>\r\n這個課程將提供您所需的知識和技能，使您能夠更自信地參加弓道比賽或提高自己的技術水平。不論您的目標是成為一位優秀的弓手還是只是享受弓道運動的樂趣，本課程都將為您提供有價值的訊息和指導。', '/images/course/course_4.webp', NULL, 4, 1, 0, 5, '2023-08-26 08:00:00'),
(12, '弓道中階：審查流程（南）', 10, '中階', '5', 5000, '駁二弓道場', '2023-11-21', '2023-12-01', '2023-11-17', '18:00:00', 3, 4, '本課程旨在深入探討弓道中階的技巧和審查流程。無論您是一位經驗豐富的弓手，還是剛剛完成初階課程的學員，都將受益於這個課程。\r\n<br /><br/>\r\n課程內容包括弓的保養和調整、弓道的倫理準則和安全標準、段位審查流程「基本體」之深入瞭解，比賽和測試的規則和程序。課程後期將以五人一組實踐「體配」審查流程。\r\n<br /><br/>\r\n這個課程將提供您所需的知識和技能，使您能夠更自信地參加弓道比賽或提高自己的技術水平。不論您的目標是成為一位優秀的弓手還是只是享受弓道運動的樂趣，本課程都將為您提供有價值的訊息和指導。', '/images/course/course_4.webp', NULL, 4, 1, 0, 8, '2023-08-26 08:00:00'),
(13, '弓道中階：競技流程（北）', 10, '中階', '5', 5000, '藏月弓道場', '2023-12-05', '2023-12-15', '2023-12-01', '18:00:00', 3, 5, '本課程旨在深入探討弓道中階的技巧和競技流程。無論您是一位經驗豐富的弓手，還是剛剛完成初階課程的學員，都將受益於這個課程。\r\n<br /><br/>\r\n課程內容包括弓的保養和調整、弓道的倫理準則和安全標準、例賽競技流程，在基於「審查流程」之上的競技流程及規則，課程後期亦會安排五人一組的競技示範賽。\r\n<br /><br/>\r\n這個課程將提供您所需的知識和技能，使您能夠更自信地參加弓道比賽或提高自己的技術水平。不論您的目標是成為一位優秀的弓手還是只是享受弓道運動的樂趣，本課程都將為您提供有價值的訊息和指導。', '/images/course/course_5.webp', NULL, 5, 1, 0, 2, '2023-08-26 08:00:00'),
(14, '弓道中階：競技流程（中）', 10, '中階', '0', 5000, '岡達弓道場', '2023-12-05', '2023-12-15', '2023-12-01', '18:00:00', 3, 5, '本課程旨在深入探討弓道中階的技巧和競技流程。無論您是一位經驗豐富的弓手，還是剛剛完成初階課程的學員，都將受益於這個課程。\r\n<br /><br/>\r\n課程內容包括弓的保養和調整、弓道的倫理準則和安全標準、例賽競技流程，在基於「審查流程」之上的競技流程及規則，課程後期亦會安排五人一組的競技示範賽。\r\n<br /><br/>\r\n這個課程將提供您所需的知識和技能，使您能夠更自信地參加弓道比賽或提高自己的技術水平。不論您的目標是成為一位優秀的弓手還是只是享受弓道運動的樂趣，本課程都將為您提供有價值的訊息和指導。', '/images/course/course_5.webp', NULL, 5, 1, 0, 5, '2023-08-26 08:00:00'),
(15, '弓道中階：競技流程（南）', 10, '中階', '0', 5000, '駁二弓道場', '2023-12-05', '2023-12-15', '2023-12-01', '18:00:00', 3, 5, '本課程旨在深入探討弓道中階的技巧和競技流程。無論您是一位經驗豐富的弓手，還是剛剛完成初階課程的學員，都將受益於這個課程。\r\n<br /><br/>\r\n課程內容包括弓的保養和調整、弓道的倫理準則和安全標準、例賽競技流程，在基於「審查流程」之上的競技流程及規則，課程後期亦會安排五人一組的競技示範賽。\r\n<br /><br/>\r\n這個課程將提供您所需的知識和技能，使您能夠更自信地參加弓道比賽或提高自己的技術水平。不論您的目標是成為一位優秀的弓手還是只是享受弓道運動的樂趣，本課程都將為您提供有價值的訊息和指導。', '/images/course/course_5.webp', NULL, 5, 1, 0, 8, '2023-08-26 08:00:00'),
(16, '弓道專業：矢渡（北）', 8, '專業', '5', 12000, '藏月弓道場', '2023-12-18', '2023-12-29', '2023-12-15', '18:00:00', 3, 6, '這是一個專為有志於深入研究弓道的求道者而設的共學坊。\r\n<br /><br/>\r\n在這裡，您將和眾志一同的射手相互砥礪，深入磨練射擊技巧，潛心研究弓道哲學和歷史，了解弓道的深厚背景，精研審查、競賽流程。\r\n<br /><br/>\r\n射禮，可以是一種當下的演示，將所有截至目前所積累的基本態度、動作、射法與射技，在短暫的幾分鐘內呈現出來，你希望用怎樣的方式感動所有觀禮者，希望向觀禮者傳達怎樣的訊息，由自己決定。\r\n<br /><br/>\r\n共學坊將使您成為一位真正的專家，朝向師範者前進。', '/images/course/course_6.webp', NULL, 6, 1, 0, 3, '2023-08-26 08:00:00'),
(17, '弓道專業：矢渡（中）', 8, '專業', '5', 12000, '岡達弓道場', '2023-12-18', '2023-12-29', '2023-12-15', '18:00:00', 3, 6, '這是一個專為有志於深入研究弓道的求道者而設的共學坊。\r\n<br /><br/>\r\n在這裡，您將和眾志一同的射手相互砥礪，深入磨練射擊技巧，潛心研究弓道哲學和歷史，了解弓道的深厚背景，精研審查、競賽流程。\r\n<br /><br/>\r\n射禮，可以是一種當下的演示，將所有截至目前所積累的基本態度、動作、射法與射技，在短暫的幾分鐘內呈現出來，你希望用怎樣的方式感動所有觀禮者，希望向觀禮者傳達怎樣的訊息，由自己決定。\r\n<br /><br/>\r\n共學坊將使您成為一位真正的專家，朝向師範者前進。', '/images/course/course_6.webp', NULL, 6, 1, 0, 6, '2023-08-26 08:00:00'),
(18, '弓道專業：矢渡（南）', 8, '專業', '5', 12000, '駁二弓道場', '2023-12-18', '2023-12-29', '2023-12-15', '18:00:00', 3, 6, '這是一個專為有志於深入研究弓道的求道者而設的共學坊。\r\n<br /><br/>\r\n在這裡，您將和眾志一同的射手相互砥礪，深入磨練射擊技巧，潛心研究弓道哲學和歷史，了解弓道的深厚背景，精研審查、競賽流程。\r\n<br /><br/>\r\n射禮，可以是一種當下的演示，將所有截至目前所積累的基本態度、動作、射法與射技，在短暫的幾分鐘內呈現出來，你希望用怎樣的方式感動所有觀禮者，希望向觀禮者傳達怎樣的訊息，由自己決定。\r\n<br /><br/>\r\n共學坊將使您成為一位真正的專家，朝向師範者前進。', '/images/course/course_6.webp', NULL, 6, 1, 0, 9, '2023-08-26 08:00:00'),
(19, '弓道專業：射禮（北）', 8, '專業', '5', 12000, '藏月弓道場', '2024-01-02', '2024-01-12', '2023-12-29', '18:00:00', 3, 7, '這是一個專為有志於深入研究弓道的求道者而設的共學坊。\r\n<br /><br/>\r\n在這裡，您將和眾志一同的射手相互砥礪，深入磨練射擊技巧，潛心研究弓道哲學和歷史，了解弓道的深厚背景，精研審查、競賽流程。\r\n<br /><br/>\r\n射禮，可以是一種當下的演示，將所有截至目前所積累的基本態度、動作、射法與射技，在短暫的幾分鐘內呈現出來，你希望用怎樣的方式感動所有觀禮者，希望向觀禮者傳達怎樣的訊息，由自己決定。\r\n<br /><br/>\r\n共學坊將使您成為一位真正的專家，朝向師範者前進。', '/images/course/course_7.webp', NULL, 7, 1, 0, 3, '2023-08-26 08:00:00'),
(20, '弓道專業：射禮（中）', 8, '專業', '0', 12000, '岡達弓道場', '2024-01-02', '2024-01-12', '2023-12-29', '18:00:00', 3, 7, '這是一個專為有志於深入研究弓道的求道者而設的共學坊。\r\n<br /><br/>\r\n在這裡，您將和眾志一同的射手相互砥礪，深入磨練射擊技巧，潛心研究弓道哲學和歷史，了解弓道的深厚背景，精研審查、競賽流程。\r\n<br /><br/>\r\n射禮，可以是一種當下的演示，將所有截至目前所積累的基本態度、動作、射法與射技，在短暫的幾分鐘內呈現出來，你希望用怎樣的方式感動所有觀禮者，希望向觀禮者傳達怎樣的訊息，由自己決定。\r\n<br /><br/>\r\n共學坊將使您成為一位真正的專家，朝向師範者前進。', '/images/course/course_7.webp', NULL, 7, 1, 0, 6, '2023-08-26 08:00:00'),
(21, '弓道專業：射禮（南）', 8, '專業', '0', 12000, '駁二弓道場', '2024-01-02', '2024-01-12', '2023-12-29', '18:00:00', 3, 7, '這是一個專為有志於深入研究弓道的求道者而設的共學坊。\r\n<br /><br/>\r\n在這裡，您將和眾志一同的射手相互砥礪，深入磨練射擊技巧，潛心研究弓道哲學和歷史，了解弓道的深厚背景，精研審查、競賽流程。\r\n<br /><br/>\r\n射禮，可以是一種當下的演示，將所有截至目前所積累的基本態度、動作、射法與射技，在短暫的幾分鐘內呈現出來，你希望用怎樣的方式感動所有觀禮者，希望向觀禮者傳達怎樣的訊息，由自己決定。\r\n<br /><br/>\r\n共學坊將使您成為一位真正的專家，朝向師範者前進。', '/images/course/course_7.webp', NULL, 7, 1, 0, 9, '2023-08-26 08:00:00');

-- --------------------------------------------------------

--
-- 資料表結構 `fav_course`
--

CREATE TABLE `fav_course` (
  `id` int(11) NOT NULL,
  `member_id` int(5) NOT NULL,
  `course_id` int(4) NOT NULL
) ENGINE=InnoDB DEFAULT CHARSET=utf8mb4 COLLATE=utf8mb4_general_ci;

-- --------------------------------------------------------

--
-- 資料表結構 `fav_product`
--

CREATE TABLE `fav_product` (
  `id` int(11) NOT NULL,
  `member_id` int(5) NOT NULL,
  `product_id` int(4) NOT NULL
) ENGINE=InnoDB DEFAULT CHARSET=utf8mb4 COLLATE=utf8mb4_general_ci;

--
-- 傾印資料表的資料 `fav_product`
--

INSERT INTO `fav_product` (`id`, `member_id`, `product_id`) VALUES
(15, 4, 11),
(16, 4, 9);

-- --------------------------------------------------------

--
-- 資料表結構 `member`
--

CREATE TABLE `member` (
  `id` int(6) UNSIGNED NOT NULL,
  `account` varchar(30) DEFAULT NULL,
  `password` varchar(120) DEFAULT NULL,
  `name` varchar(12) NOT NULL,
  `gender` tinyint(2) DEFAULT NULL,
  `birthday` date DEFAULT NULL,
  `email` varchar(30) NOT NULL,
  `phone` varchar(10) DEFAULT NULL,
  `address` varchar(50) DEFAULT NULL,
  `level` int(3) UNSIGNED DEFAULT 1,
  `member_img` varchar(50) DEFAULT 'avatar01.jpg',
  `created_at` datetime DEFAULT NULL,
  `total_spent` int(7) DEFAULT 0,
  `valid` tinyint(2) NOT NULL DEFAULT 1,
  `google_uid` varchar(50) DEFAULT NULL,
  `photo_url` varchar(255) DEFAULT NULL
) ENGINE=InnoDB DEFAULT CHARSET=utf8mb4 COLLATE=utf8mb4_unicode_ci;

--
-- 傾印資料表的資料 `member`
--

INSERT INTO `member` (`id`, `account`, `password`, `name`, `gender`, `birthday`, `email`, `phone`, `address`, `level`, `member_img`, `created_at`, `total_spent`, `valid`, `google_uid`, `photo_url`) VALUES
(1, 'MFEE42', '$argon2id$v=19$m=65536,t=4,p=1$5RM9qV4PMbpBdwlXbd275w$g9jYLfBo5w435A2d+1Cz8reXNpe5pG7cjO07To+iByI', '林阿寬', 1, '2000-10-23', 'bin922898952@gmail.com', '0988888888', '桃園市中壢區新生路二段421號', 1, 'avatar-1698124380841-201887788', '2023-10-23 13:53:53', 0, 1, NULL, NULL),
(2, 'Test123456', '$argon2id$v=19$m=65536,t=4,p=1$A5hYkHS9q7A7Z3HuiTr7SA$lwkssJ7SYKvtfdZ/w5lf2t/uO1Z2mOeVYW/CO3AlnBY', '饒小名', 2, '2023-10-22', 'Test123456@gmail.com', '0912345678', '聖德基督學院', 1, 'avatar-1698124377221-536373094', '2023-10-23 14:05:17', 0, 1, NULL, NULL),
(3, NULL, NULL, 'Huang Chuan', 1, '2000-10-23', 'bin922898952@gmail.com', '0986072729', '桃園市中壢區新生路二段421號', 3, 'avatar-1698124371031-224298942', '2023-10-23 14:47:24', 500000, 1, '106962747969585023159', 'https://lh3.googleusercontent.com/a/ACg8ocJJkkTb6d6_TYptrGQXo7Oh6ja5OxmIvKa-mPgoQ3XqDX8=s96-c'),
(4, 'test@test.com', '$argon2id$v=19$m=65536,t=4,p=1$PDCeua9jp7d6ClV4MCclKQ$CjArz1pOTzRgoC+I90Vzkl7wJ0iybhHNYJ6tzabjwPc', '林露娜', 1, '2023-10-02', 'kevin@test.com', '0921336852', '桃園市中壢區新生路二段421號', 1, 'avatar-1698124367058-67465585', '2023-10-23 16:47:18', 0, 1, NULL, NULL),
(5, 'muduo', '$argon2id$v=19$m=65536,t=4,p=1$wa+CUQ3QyF6gcnp/afEY0Q$L8pFwjt/7vVB8YL9GEB6mf8bcgFE4SBwoXYyF+PsuR8', '江瞬智', 2, '2023-10-10', 'k789153@gmail.com', '0629569155', '52 rue Paul Painleve', 1, 'avatar-1698124362366-809012835', '2023-10-11 18:51:24', 0, 1, NULL, NULL);

-- --------------------------------------------------------

--
-- 資料表結構 `member_coupon`
--

CREATE TABLE `member_coupon` (
  `id` int(11) NOT NULL,
  `member_id` int(5) NOT NULL,
  `coupon_id` int(3) NOT NULL,
  `status` varchar(4) NOT NULL DEFAULT '可使用' COMMENT '可使用/已使用/已過期'
) ENGINE=InnoDB DEFAULT CHARSET=utf8mb4 COLLATE=utf8mb4_general_ci;

--
-- 傾印資料表的資料 `member_coupon`
--

INSERT INTO `member_coupon` (`id`, `member_id`, `coupon_id`, `status`) VALUES
(22, 1, 4, '可使用'),
(23, 1, 6, '可使用'),
(24, 1, 11, '可使用'),
(25, 4, 14, '可使用'),
(26, 4, 12, '可使用');

-- --------------------------------------------------------

--
-- 資料表結構 `order_detail`
--

CREATE TABLE `order_detail` (
  `id` int(11) NOT NULL,
  `order_id` varchar(50) NOT NULL,
  `product_id` varchar(10) NOT NULL,
  `product_detail1` varchar(255) DEFAULT NULL,
  `product_detail2` varchar(30) DEFAULT NULL,
  `product_detail3` varchar(30) DEFAULT NULL,
  `course_id` varchar(10) NOT NULL,
  `quantity` int(4) NOT NULL,
  `price` int(7) NOT NULL,
  `img` varchar(255) NOT NULL,
  `name` varchar(50) NOT NULL
) ENGINE=InnoDB DEFAULT CHARSET=utf8mb4 COLLATE=utf8mb4_general_ci;

--
-- 傾印資料表的資料 `order_detail`
--

INSERT INTO `order_detail` (`id`, `order_id`, `product_id`, `product_detail1`, `product_detail2`, `product_detail3`, `course_id`, `quantity`, `price`, `img`, `name`) VALUES
(156, 'd82a0424-f459-4fe6-819a-73192da5e707', '68', '95mm', '碳', '7620', '0', 1, 1500, '/product/arrow10.jfif', '土耳其箭'),
(157, 'd82a0424-f459-4fe6-819a-73192da5e707', '123', '白色', 'S', NULL, '0', 2, 600, '/product/suit14.jpg', 'Kyudo 制服\r\n'),
(158, 'd82a0424-f459-4fe6-819a-73192da5e707', '0', NULL, NULL, NULL, '1', 1, 1500, '/images/course/course_1.webp', '弓道初探：射法八節（北）'),
(159, '3ffb1ddb-a663-47d1-a1c2-139ea6ebc3a8', '6', '10kg', '竹碳', '並寸', '0', 1, 4100, '/product/bow6.jpg', '清一郎'),
(160, '3ffb1ddb-a663-47d1-a1c2-139ea6ebc3a8', '9', '25kg', '玻璃', '二寸伸', '0', 4, 6500, '/product/bow9.jpg', '練心'),
(161, '3ffb1ddb-a663-47d1-a1c2-139ea6ebc3a8', '0', NULL, NULL, NULL, '5', 1, 2800, '/images/course/course_2.webp', '弓道初探：草捲行射（中）'),
(162, 'bab0d334-ea15-46b0-9ea6-a6bb7d3f6911', '27', '10kg', '竹', '並寸', '0', 1, 5700, '/product/bow26.jpg', '前燒弓尼貝'),
(163, 'bab0d334-ea15-46b0-9ea6-a6bb7d3f6911', '12', '20kg', '玻璃', '四寸伸', '0', 3, 6000, '/product/bow12.jpg', 'Choshin I Carbon'),
(164, 'bab0d334-ea15-46b0-9ea6-a6bb7d3f6911', '95', '95mm', '鋁', '2014', '0', 2, 400, '/product/arrow36.jpg', '屋四谷'),
(165, '3fab894b-4b83-468e-a791-99762b4bfbf7', '0', NULL, NULL, NULL, '15', 1, 5000, '/images/course/course_5.webp', '弓道中階：競技流程（南）'),
(166, '76f11243-e6ec-4642-8e05-fe25fba55115', '72', '95mm', '木', '7620', '0', 1, 900, '/product/arrow14.jfif', '土耳其箭'),
(167, '76f11243-e6ec-4642-8e05-fe25fba55115', '0', NULL, NULL, NULL, '1', 1, 1500, '/images/course/course_1.webp', '弓道初探：射法八節（北）');

-- --------------------------------------------------------

--
-- 資料表結構 `order_list`
--

CREATE TABLE `order_list` (
  `id` int(11) NOT NULL,
  `member_id` int(5) NOT NULL,
  `order_id` varchar(255) NOT NULL,
  `coupon_id` int(3) DEFAULT NULL,
  `subtotal` int(7) NOT NULL,
  `payment` varchar(6) NOT NULL,
  `order_date` datetime NOT NULL,
  `receive_name` varchar(20) NOT NULL,
  `receive_phone` varchar(25) NOT NULL,
  `receive_add` varchar(120) NOT NULL,
  `status` varchar(5) NOT NULL DEFAULT '理貨中' COMMENT '已完成/理貨中'
) ENGINE=InnoDB DEFAULT CHARSET=utf8mb4 COLLATE=utf8mb4_general_ci;

--
-- 傾印資料表的資料 `order_list`
--

INSERT INTO `order_list` (`id`, `member_id`, `order_id`, `coupon_id`, `subtotal`, `payment`, `order_date`, `receive_name`, `receive_phone`, `receive_add`, `status`) VALUES
(73, 3, 'd82a0424-f459-4fe6-819a-73192da5e707', 8, 3660, 'credit', '2023-10-23 14:23:33', '林庭寬', '0986072729', '桃園市中壢區新生路二段421號', '已完成'),
(74, 3, '3ffb1ddb-a663-47d1-a1c2-139ea6ebc3a8', 0, 32900, 'credit', '2023-10-23 14:25:06', '林庭寬', '0986072729', '桃園市中壢區新生路二段421號', '已完成'),
(75, 3, 'bab0d334-ea15-46b0-9ea6-a6bb7d3f6911', 0, 24500, 'cashOn', '2023-10-23 14:26:38', '林庭寬', '0986072729', '桃園市中壢區新生路二段421號', '理貨中'),
(76, 3, '3fab894b-4b83-468e-a791-99762b4bfbf7', 0, 5000, 'credit', '2023-10-23 14:27:34', '林庭寬', '0986072729', '桃園市中壢區新生路二段421號', '已完成'),
(77, 4, '76f11243-e6ec-4642-8e05-fe25fba55115', 14, 720, 'cashOn', '2023-10-23 16:53:12', 'test1', '09111111111', '桃園市中壢區新生路二段421號', '理貨中');

-- --------------------------------------------------------

--
-- 資料表結構 `otp`
--

CREATE TABLE `otp` (
  `id` int(11) NOT NULL,
  `member_id` int(30) NOT NULL,
  `email` varchar(100) NOT NULL,
  `token` int(100) NOT NULL,
  `exp_timestamp` bigint(20) NOT NULL
) ENGINE=InnoDB DEFAULT CHARSET=utf8mb4 COLLATE=utf8mb4_general_ci;

-- --------------------------------------------------------

--
-- 資料表結構 `product`
--

CREATE TABLE `product` (
  `id` int(11) NOT NULL,
  `category_id` int(4) NOT NULL,
  `name` varchar(50) NOT NULL,
  `img1` varchar(255) NOT NULL,
  `price` int(6) NOT NULL,
  `description` varchar(255) DEFAULT NULL,
  `created_at` datetime NOT NULL,
  `hot` int(2) DEFAULT NULL,
  `sale` int(2) DEFAULT NULL,
  `launched` int(2) DEFAULT NULL
) ENGINE=InnoDB DEFAULT CHARSET=utf8mb4 COLLATE=utf8mb4_general_ci;

--
-- 傾印資料表的資料 `product`
--

INSERT INTO `product` (`id`, `category_id`, `name`, `img1`, `price`, `description`, `created_at`, `hot`, `sale`, `launched`) VALUES
(1, 1, '特作鵠心', '/product/bow1.jpg', 4800, 'Koshin使用拱形碳來實現箭的動量和箭的飛行，超過了傳統的玻璃碳弓。玻碳弓的巔峰之作。\r\n它具有類似於竹弓的彎曲結構，使其比扁平結構的弓更耐彎曲，並且具有更強的彈簧功能。\r\n它比傳統的碳弓更硬，可以讓箭飛行更銳利，並認為即使弓功率降低10%，它也能表現出與傳統產品相同的性能。', '2023-09-07 03:05:33', 0, 0, 0),
(2, 1, '前煤竹', '/product/bow2.jpg', 5500, '具有外竹負擔輕、弓不易脫出的優點。\r\n此外，溫度和濕度的影響被最小化，使得弓不太可能變形。\r\n貫穿整個弓寬以及頂部和底部的碳纖維產生了強大的扭轉剛度，充分利用了角的功能，並且還通過加強板和內部竹子之間的接合來最大限度地減少琴頸斷裂和損壞。', '2023-07-12 03:06:30', 1, 0, 0),
(3, 1, '前焦竹\r\n', '/product/bow3.jpg', 7600, '署名「前掌清吉」。溫度和濕度的影響被最小化，使得弓不太可能變形。\r\n貫穿整個弓寬以及頂部和底部的碳纖維產生了強大的扭轉剛度，充分利用了角的功能，並且還通過加強板和內部竹子之間的接合來最大限度地減少琴頸斷裂和損壞。', '2023-07-18 03:06:28', 0, 0, 0),
(4, 1, '小山雅史', '/product/bow4.jpg', 5400, '這是一款面向追求弓鋒利度和箭飛行性能的高級用戶的型號。我們使用精心挑選的竹子和橡木。\r\n內竹採用色澤深沉、淡雅的煙燻竹製。', '2023-07-06 03:06:23', 1, 0, 1),
(5, 1, '雅澄', '/product/bow5.jpg', 4900, '此型號適合那些有使用竹弓經驗的人，因為它結合了易於操作和弓的鋒利度。我們使用最優質的材料來追求美感和箭的飛行。內竹採用焦竹。\r\n', '2023-08-17 03:06:19', 0, 1, 0),
(6, 1, '清一郎', '/product/bow6.jpg', 4100, '它的設計重點是對於那些不熟悉竹弓的人來說易於使用。非常適合學習如何調整和管理竹弓。內竹採用焦竹。', '2023-09-13 03:06:11', 0, 1, 1),
(7, 1, '小山作', '/product/bow7.jpg', 4200, '由江戶時代的三刃竹弓進化而來的四刃竹弓。我們透過審查結構和材料實現了更低的價格。內竹、外竹、兩層竹皮芯的四層結構。竹弓的設計可防止變形，即使對於初學者來說也很容易操作。', '2023-08-14 03:06:08', 1, 1, 0),
(8, 1, '實用技能', '/product/bow8.jpg', 3900, '作為一款適合手部或射擊風格尚未穩定的初學者使用的玻璃弓，該產品具有最淺的背翹，易於操作。', '2023-06-05 03:06:05', 0, 0, 1),
(9, 1, '練心', '/product/bow9.jpg', 6500, '這是一款適合手部和射法有一定穩定性並已開始練習擊中目標的初學者使用的玻璃弓。浦原介於實用技巧和直接感受之間。', '2023-07-03 03:06:02', 0, 0, 1),
(10, 1, '直心', '/product/bow10.jpg', 8700, '玻璃纖維製成的玻璃弓具有優良的彎曲彈性、扭轉剛度以及與芯材的相容性，並利用角部的作用產生入弓時獨特的柔軟性和射擊時的銳利性\r\n。', '2023-07-10 03:06:15', 1, 0, 0),
(11, 1, '直接心', '/product/bow11.jpg', 8800, '長信II號玻璃的設計重點在於抑制燒製時的振動的木材組合，並且根據實際技能和訓練來抑製手部的寬度和厚度。\r\n這是一款適合中級和高級用戶的型號，採用S玻璃，與E玻璃相比，彎曲彈性更強，振動更小，箭飛行銳利。', '2023-06-29 03:05:57', 0, 0, 0),
(12, 1, 'Choshin I Carbon', '/product/bow12.jpg', 6000, 'Direct Core Ⅰ Carbon 是基於 Direct Core Ⅰ Glass 的結構，並在其整個長度上內建了 5 根碳棒。\r\n它抑制了碳纖維特有的振動，實現了玻璃弓的柔軟手感和玻璃碳弓特有的出色的箭飛行性能。\r\n即使對於第一次使用玻碳弓的人來說，該型號也很容易使用。\r\n', '2023-05-15 03:05:52', 1, 0, 1),
(13, 1, 'Kiyomasa 結碳', '/product/bow13.jpg', 4300, '清又雖然呈竹弓狀，但維護起來並不困難。此型號結合了玻璃碳弓的堅固性和竹弓的優雅。\r\n它具有由環氧粘土製成的假結結構，其位置與基於 Jikishin I 碳的竹弓相同。此型號適合中級和高級用戶，可以作為竹弓的備用弓，或適合將來考慮使用竹弓的用戶。', '2023-06-16 03:05:48', 0, 1, 1),
(14, 1, '直接心', '/product/bow14.jpg', 6800, 'Choshin II Carbon 具有堅固而時尚的設計，採用基於 Choshin II 玻璃的三層木芯結構，整個長度上覆蓋有垂直、水平和垂直粘貼的三層碳板。\r\n外觀採用S玻璃，比E玻璃有更好的減振性能。這是一個適合想要更好的箭飛行的高級用戶的模型。', '2023-09-07 03:05:44', 1, 1, 1),
(15, 1, 'Kiyomasa 結碳', '/product/bow15.jpg', 7200, '清又雖然呈竹弓狀，但維護起來並不困難。此型號結合了玻璃碳弓的堅固性和竹弓的優雅。\r\n它具有由環氧粘土製成的假結結構，其位置與基於 Jikishin I 碳的竹弓相同。此型號適合中級和高級用戶，可以作為竹弓的備用弓，或適合將來考慮使用竹弓的用戶。', '2023-09-07 03:05:41', 0, 1, 0),
(16, 1, 'Kushin Arch ', '/product/bow16.jpg', 9100, 'Koshin使用拱形碳來實現箭的動量和箭的飛行，超過了傳統的玻璃碳弓。玻碳弓的巔峰之作。\r\n它具有類似於竹弓的彎曲結構，使其比扁平結構的弓更耐彎曲，並且具有更強的彈簧功能。\r\n它比傳統的碳弓更硬，可以讓箭飛行更銳利，並認為即使弓功率降低10%，它也能表現出與傳統產品相同的性能。', '2023-08-17 03:05:37', 1, 0, 0),
(17, 1, '焦弓', '/product/bow17.jpg', 3900, '署名「伊井秀重」。\n井井英成. 從1918年到平成。滋賀縣栗東市獨立。他的老師是第十九代柴田宗重勘十郎。', '2023-08-10 17:36:44', 1, 1, 1),
(18, 1, '前焦弓', '/product/bow18.jpg', 5900, '銘文為“大倉十十郎”，背面銘文為“花王”。\n住在滋賀郡。他的老師是第十九代柴田宗重勘十郎。', '2023-07-07 17:36:51', 0, 0, 0),
(19, 1, '前煤弓', '/product/bow19.jpg', 7800, '署名「肥後三郎花王」。\n松永壽二（第一代肥後三郎）。從1899年（明治32年）到1985年（昭和60年）。住在熊本縣人吉市。他的老師是服部義久和松永重光。弟子有鬆永重政（第二代肥後三郎）、松永重信等。', '2023-10-06 17:36:56', 0, 1, 0),
(20, 1, '前煤弓', '/product/bow20.jpg', 3000, '署名「伊井秀重」。\n井井英成. 從1918年到平成。滋賀縣栗東市獨立。他的老師是第十九代柴田宗重勘十郎。', '2023-08-03 17:37:00', 0, 0, 1),
(21, 1, '竹弓', '/product/bow5.jpg', 6800, '題詞「福山真右衛門」。\n明治中期至昭和中期。住在大阪。', '2023-10-04 17:37:04', 1, 0, 1),
(22, 1, '三郎花王', '/product/bow21.jpg', 2500, '署名「肥後三郎花王」。\n松永壽二（第一代肥後三郎）。從1899年（明治32年）到1985年（昭和60年）。住在熊本縣人吉市。他的老師是服部義久和松永重光。弟子有鬆永重政（第二代肥後三郎）、', '2023-09-07 17:37:07', 0, 1, 1),
(23, 1, '前焦弓', '/product/bow22.jpg', 5980, '銘文為“北九州居民久住蘇豪”，背面銘文為“花王”。\n久住茂德. 明治43年到1970年。住在福岡縣小倉市。他的老師是他的父親久住藏吉（第四代）。弟子為久住重久（第二代）（銘文：久住總寶）、久住誠。', '2023-10-11 17:37:10', 1, 0, 1),
(24, 1, '前焦弓', '/product/bow23.jpg', 3000, '署名「蒲田薩週製造」。', '2023-07-05 17:37:13', 0, 1, 1),
(25, 1, '前燒弓尼貝', '/product/bow24.jpg', 2300, '署名「柴田勘十郎」。\n柴田勘十郎十九宗重。從1872年（明治5年）到1959年（昭和34年）。住在京都。他的弟子是井井英成和大倉十郎', '2023-08-10 17:37:19', 0, 1, 1),
(26, 1, '前燒弓尼貝', '/product/bow25.jpg', 7500, '銘文是“肥後三郎”，背面銘文是“村”。\n松永壽二（第一代肥後三郎）。從1899年（明治32年）到1985年（昭和60年）。住在熊本縣人吉市。他的老師是服部義久和松永重光。弟子有鬆永重政（第二代肥後三郎）、松永重信等。', '2023-07-11 02:08:35', 1, 0, 0),
(27, 1, '前燒弓尼貝', '/product/bow26.jpg', 5700, ' 署名「大倉十十郎」。\n住在滋賀郡。他的老師是第十九代柴田宗重勘十郎。', '2023-08-08 02:08:31', 0, 1, 1),
(28, 1, '焦弓尼貝', '/product/bow27.jpg', 6500, ' 銘文“井秀茂”和背面銘文“花王”。\n井井英成. 從1918年到平成。滋賀縣栗東市獨立。他的老師是第十九代柴田宗重勘十郎。', '2023-01-06 02:08:39', 1, 1, 0),
(29, 1, '前焦弓', '/product/bow28.jpg', 4900, '署名「森茂雄」。\n住在宮崎縣都城市。我的老師是南崎美里。他的弟子是森文。', '2023-06-01 02:08:27', 0, 0, 1),
(30, 1, '弓尼貝', '/product/bow29.jpg', 5800, '署名「後藤清重」。製作於在宮城縣。', '2023-06-09 02:08:46', 0, 1, 1),
(31, 1, '前煤弓', '/product/bow30.jpg', 13000, '署名「增守彌吉花王」。背面的簽名是“Kao”。\r\n增森彌吉. 大正至昭和中期。住在宮崎都城。他的老師是倉吉久住（第一代倉吉）。他的弟子是川部宗久。', '2023-03-16 02:08:20', 1, 0, 1),
(32, 1, '無銘　弓', '/product/bow31.jpg', 9800, '製作精良的黃魚半弓相當罕見，值得推薦。', '2023-01-04 02:08:14', 0, 0, 0),
(33, 1, '直芯弓', '/product/bow32.jpg', 17000, '簽名是“Jikushin 2 Carbon”。\r\n小山射箭器材。東京。', '2023-03-06 02:08:09', 1, 0, 1),
(34, 1, '黒漆塗重籐弓', '/product/bow33.jpg', 5000, '署名「植村藤三」。\r\n植村藤三重光。《水戶目的》江戶購物指南。1824 年。住在東京都小石川市。他的弟子是佐野慎五郎。', '2023-10-04 02:08:06', 0, 0, 0),
(35, 1, '黒漆塗重籐弓', '/product/bow34.jpg', 4590, '署名「高內花王」。', '2023-03-20 02:07:59', 1, 1, 0),
(36, 1, '黑漆弓尼貝', '/product/bow35.jpg', 17900, '署名「齊藤詩山」。\r\n長野福治. 從1893年（明治26年）到1967年（昭和42年）。住在宮崎都城。他的老師是久住津吉。弟子有秋田白峰、小倉志保、長野重次、橫山宗吉。', '2023-08-02 02:07:54', 1, 1, 1),
(37, 1, '黒漆塗重籐弓', '/product/bow36.jpg', 3500, '署名「植村藤三」。\r\n植村藤三重光。《水戶目的》江戶購物指南。1824 年。住在東京都小石川市。他的弟子是佐野慎五郎。', '2021-10-12 02:34:16', 1, 0, 0),
(38, 1, '黒漆塗重籐弓', '/product/bow37.jpg', 7500, '署名「高內花王」。', '2023-08-11 02:35:51', 1, 0, 0),
(39, 1, '黑漆弓尼貝', '/product/bow38.jpg', 4800, '署名「齊藤詩山」。\r\n長野福治. 從1893年（明治26年）到1967年（昭和42年）。住在宮崎都城。他的老師是久住津吉。弟子有秋田白峰、小倉志保、長野重次、橫山宗吉。', '2023-08-18 02:35:48', 0, 0, 1),
(40, 1, '前焦弓', '/product/bow39.jpg', 4800, '署名「渡邊健太」。\r\n渡邊健太. 住在熊本縣。我的老師是松永重信。', '2023-08-16 02:35:44', 0, 1, 1),
(41, 1, '內建前煙灰弓', '/product/bow40.jpg', 5600, '署名「大倉十十郎」。\r\n住在滋賀郡。', '2023-06-12 02:35:42', 1, 1, 0),
(42, 1, ' 直中心弓', '/product/bow41.jpg', 10000, '簽名是“Jikushin 2 Carbon”。\r\n小山射箭店。', '2023-07-04 02:35:38', 0, 0, 0),
(43, 1, '弓尼貝', '/product/bow42.jpg', 5700, '署名「柴田勘十郎」。\r\n柴田勘十郎 第21代勘十郎。從1952年開始。住在京都。', '2023-06-07 02:35:33', 0, 1, 1),
(44, 1, '前煤弓', '/product/bow43.jpg', 8800, '署名「肥後三郎花王」。\r\n松永重正（第二代肥後三郎）。住在熊本。他的老師是松永重二（第一代肥後三郎）。他的弟子是松永博純（三世肥後三郎飾）。', '2023-07-13 02:35:30', 1, 1, 1),
(45, 1, '弓魚', '/product/bow44.jpg', 4700, '銘文是「花王重政、松永萬吉花王」。\r\n松永重正（第二代肥後三郎）。住在熊本。他的老師是松永重二（第一代肥後三郎）。他的弟子是松永博純（三世肥後三郎飾）。', '2023-07-06 02:35:26', 0, 0, 1),
(46, 1, '前焦弓', '/product/bow45.jpg', 6200, '刻有「村上花王元一（第二代）」。\r\n住在京都。（關板是獨一無二的，長野一惠是第二代授權使用它的人。）', '2023-09-12 02:35:21', 1, 0, 0),
(47, 1, '前焦弓', '/product/bow46.jpg', 9800, '刻有「村上花王元一（第二代）」。\r\n住在京都。（關板是獨一無二的，長野一惠是第二代授權使用它的人。）', '2023-08-16 02:35:17', 0, 1, 0),
(48, 1, '內置前燒弓', '/product/bow47.jpg', 8200, '銘文「特別長野一惠花王」\r\n長野勝郎。長野和水（第二代）。住在宮崎縣都城市。他的老師是長野一惠（第一代）。', '2023-04-14 02:35:13', 1, 1, 0),
(49, 1, '松波弓', '/product/bow48.jpg', 12400, '名為“松波”。\r\n松波藏野次郎（松波沙平 VII）。從1878年（明治11年）到1949年（昭和24年）。住在愛知縣。他的老師是他的祖父、父親和佐野慎五郎。\r\n「Bishu弓以其琴弦發出的聲音、弓箭手松波佐平的技巧以及三層紫藤而聞名。它也以其harien和刨花（mura）而聞名。」Kyudo hanshi 10 dan浦上榮。如何觀看和處理秋葉、何時分離以及射箭設備。Yugisha。1996 年，第68 頁', '2023-05-15 02:35:08', 1, 0, 1),
(50, 1, '前燒弓黃魚', '/product/bow49.jpg', 8400, '署名「松波佐平」。背後的簽名是“Motonori Kao”。\r\n松波藏野次郎（松波沙平 VII）。從1878年（明治11年）到1949年（昭和24年）。住在愛知縣。他的老師是他的祖父、父親和佐野慎五郎。\r\n「Bishu弓以其琴弦發出的聲音、弓箭手松波佐平的技巧以及三層紫藤而聞名。它也以其harien和刨花（mura）而聞名。」Kyudo hanshi 10 dan浦上榮。如何觀看和處理秋葉、何時分離以及射箭設備。Yugisha。1996 年，第68 頁', '2023-06-21 02:35:04', 1, 0, 0),
(51, 1, '黑漆弓魚', '/product/bow50.jpg', 7800, '從京都的一個古老家族那裡得到的。\r\n我們推測這把弓是昭和初期製造的。', '2023-05-23 02:35:00', 1, 1, 1),
(52, 1, '弓 Zen Higo Sozan Kao', '/product/bow51.jpg', 9900, '銘文是「由美禪肥後宗山」。\r\n高橋射箭器材。', '2023-05-15 02:34:55', 0, 0, 0),
(53, 1, '前煤弓', '/product/bow52.jpg', 6600, '署名「一藤齋」。\r\n桑旗道永（第三代五藤齋）。1961 年起：住在鹿兒島。他的老師是桑畑元三（二代一藤齋）。', '2023-06-08 02:34:50', 0, 1, 0),
(54, 1, '前焦弓', '/product/bow53.jpg', 5100, '渡邊健太的名字是「渡邊健太」。我的老師是松永茂吉。', '2023-05-09 02:34:47', 1, 0, 1),
(55, 1, '弓', '/product/bow54.jpg', 7800, '署名「東鄉仙治」。\r\n從1872年（明治5年）到1951年（昭和26年）。住在鹿兒島。我的老師是東鄉前平。\r\n被叔叔堀之內近右衛門收養，並創造了薩摩軍著名的弓。', '2023-04-18 02:34:42', 0, 1, 0),
(56, 1, '黑漆弓尼貝', '/product/bow55.jpg', 12000, '這件作品經過 1,000 道繞線和黑漆精心完成。\r\n這是一種老式的弓，上下關板中插入了mekugi。', '2023-01-17 02:34:33', 0, 0, 1),
(57, 1, ' 黑漆珍珠貝弓', '/product/bow56.jpg', 7700, '名為「勘十郎」。\r\n柴田勘十郎十九宗重。從1872年（明治5年）到1959年（昭和34年）。住在京都。', '2023-07-08 02:34:26', 0, 1, 0),
(58, 1, '前燒弓尼貝', '/product/bow57.jpg', 6400, '署名「森茂夫」。住在宮崎縣都城市。', '2023-08-10 02:34:38', 1, 1, 1),
(59, 2, '土耳其箭', '/product/arrow1.jpg', 1200, '一組 6 支，適合近距離使用，帶有火雞羽毛。', '2023-08-07 03:48:27', 1, 0, 0),
(60, 2, '土耳其箭', '/product/arrow2.jfif', 1800, '一組 6 支箭，適合近距離使用，帶有火雞羽毛。', '2023-08-07 03:48:23', 0, 0, 1),
(61, 2, '土耳其箭', '/product/arrow3.jfif', 3000, '一組 6 支箭，適合近距離使用，帶有火雞羽毛。', '2023-08-04 03:48:31', 0, 0, 0),
(62, 2, '土耳其箭', '/product/arrow4.jfif', 2200, '一組 6 支箭，適合近距離使用，帶有火雞羽毛。', '2023-07-05 03:48:18', 0, 0, 0),
(63, 2, '土耳其箭', '/product/arrow5.jfif', 1500, '一組 6 支箭，適合近距離使用，帶有火雞羽毛。', '2023-08-11 03:48:13', 1, 0, 1),
(64, 2, '土耳其箭', '/product/arrow6.jfif', 1000, '一組 6 支箭，適合近距離使用，帶有火雞羽毛。', '2023-08-03 03:48:09', 1, 0, 0),
(65, 2, '黑雞翅箭', '/product/arrow7.jfif', 1200, '一組 6 支箭，適合近距離使用，帶有黑色雞翅羽毛。\r\n黑雞翅比火雞翅更耐用，而且它們的羽毛不易磨損。', '2023-07-14 03:47:56', 0, 1, 0),
(66, 2, '黑雞翅箭', '/product/arrow8.jpg', 3000, '一組 6 支箭，適合近距離使用，帶有黑色雞翅羽毛。\r\n黑雞翅比火雞翅更耐用，而且它們的羽毛不易磨損。', '2023-08-15 03:47:52', 0, 0, 0),
(67, 2, '黑雞翅箭', '/product/arrow9.jfif', 1400, '一組 6 支箭，適合近距離使用，帶有黑色雞翅羽毛。\r\n黑雞翅比火雞翅更耐用，而且它們的羽毛不易磨損。', '2023-07-04 03:47:46', 0, 1, 0),
(68, 2, '土耳其箭', '/product/arrow10.jfif', 1500, '一組 6 支箭，適合近距離使用，帶有火雞羽毛。', '2023-10-03 03:48:04', 1, 0, 1),
(69, 2, '土耳其箭', '/product/arrow11.jpg', 1600, '一組 6 支箭，適合近距離使用，帶有火雞羽毛。', '2023-05-10 03:47:42', 0, 0, 0),
(70, 2, '土耳其箭', '/product/arrow12.jfif', 1800, '一組 6 支箭，適合近距離使用，帶有火雞羽毛。一組 6 支箭，適合近距離使用，帶有火雞羽毛。', '2023-10-12 03:47:39', 0, 1, 1),
(71, 2, '土耳其箭', '/product/arrow13.jfif', 1900, '一組 6 支箭，適合近距離使用，帶有火雞羽毛。', '2023-09-14 03:47:35', 0, 0, 0),
(72, 2, '土耳其箭', '/product/arrow14.jfif', 900, '一組 6 支箭，適合近距離使用，帶有火雞羽毛。', '2023-10-05 03:47:30', 1, 0, 1),
(73, 2, '土耳其箭', '/product/arrow15.jpg', 600, '一組 6 支箭，適合近距離使用，帶有火雞羽毛。', '2023-10-02 03:47:27', 0, 0, 0),
(74, 2, '土耳其箭', '/product/arrow16.jpg', 1100, '一組 6 支箭，適合近距離使用，帶有火雞羽毛。', '2023-10-02 03:47:33', 0, 1, 1),
(75, 2, '土耳其箭', '/product/arrow17.jpg', 1200, '一組 6 支箭，適合近距離使用，帶有火雞羽毛。', '2023-09-06 03:47:23', 0, 0, 0),
(76, 2, '黑雞翅箭', '/product/arrow18.jpg', 1200, '一組 6 支箭，適合近距離使用，帶有火雞羽毛。一組 6 支箭，適合近距離使用，帶有火雞羽毛。', '2023-08-07 03:47:18', 0, 0, 0),
(77, 2, '黑雞翅箭', '/product/arrow19.jpg', 1500, '一組 6 支箭，適合近距離使用，帶有黑色雞翅羽毛。\r\n黑雞翅比火雞翅更耐用，而且它們的羽毛不易磨損。', '2023-08-14 03:47:13', 1, 1, 1),
(78, 2, '黑雞翅箭', '/product/arrow20.jfif', 1700, '一組 6 支箭，適合近距離使用，帶有黑色雞翅羽毛。\r\n黑雞翅比火雞翅更耐用，而且它們的羽毛不易磨損。', '2023-08-08 03:47:10', 0, 0, 1),
(79, 2, '土耳其箭', '/product/arrow21.jpg', 900, '一組 6 支箭，適合近距離使用，帶有火雞羽毛。', '2023-07-11 03:47:07', 0, 0, 0),
(80, 2, '土耳其箭', '/product/arrow22.jpg', 900, '一組 6 支箭，適合近距離使用，帶有火雞羽毛。', '2023-09-11 03:47:03', 0, 0, 0),
(81, 2, '土耳其箭', '/product/arrow23.jfif', 900, '一組 6 支箭，適合近距離使用，帶有火雞羽毛。', '2023-08-17 03:46:59', 1, 0, 1),
(82, 2, '土耳其箭', '/product/arrow24.jpg', 700, '一組 6 支箭，適合近距離使用，帶有火雞羽毛。', '2023-08-07 03:46:54', 0, 0, 0),
(83, 2, '土耳其箭', '/product/arrow25.jfif', 1000, '一組 6 支箭，適合近距離使用，帶有火雞羽毛。', '2023-08-11 03:46:49', 0, 1, 0),
(84, 2, '土耳其箭', '/product/arrow26.jfif', 1000, '一組 6 支箭，適合近距離使用，帶有火雞羽毛。', '2023-08-04 03:46:45', 0, 0, 0),
(85, 2, '土耳其箭', '/product/arrow27.jfif', 1200, '一組 6 支箭，適合近距離使用，帶有火雞羽毛。', '2023-08-09 03:46:40', 1, 0, 1),
(86, 2, '黑雞翅箭', '/product/arrow28.jfif', 2000, '一組 6 支箭，適合近距離使用，帶有黑色雞翅羽毛。\r\n黑雞翅比火雞翅更耐用，而且它們的羽毛不易磨損。', '2023-09-08 03:46:36', 0, 1, 0),
(87, 2, '土耳其箭', '/product/arrow29.jpg', 1800, '一組 6 支箭，適合近距離使用，帶有火雞羽毛。', '2023-10-04 03:46:33', 0, 0, 0),
(88, 2, '屋四谷', '/product/arrow29.jpg', 500, '羽毛沒有磨損的跡象，光滑，腰力強，倒過來回復力強，所以我認為它們可以承受長期使用。', '2023-10-03 04:23:45', 0, 1, 0),
(89, 2, '三郎製造', '/product/arrow30.jpg', 600, '雖然羽毛有少量的刮擦，但它們光滑且堅固，並且翻轉時反彈力很強，所以我認為它們可以承受長期使用。署名「三郎作」。\r\n長谷川三郎（第一代）、康典（第二代）、英一（第三代）。長谷川射箭店。1939年開業。住在東京。\r\n', '2023-05-09 04:23:49', 0, 0, 0),
(90, 2, '屋四谷', '/product/arrow31.jpg', 700, '羽毛有一些鬆散（請檢查圖片），但沒有使用過的跡象，而且腰部結實，翻轉過來後強力返回，所以我認為可以承受長期使用。簽名：“Itsuki 製作。”\r\n小剛石津. 石津久夫. 從 1918 年開始。住在東京。我的老師是石津元。他的工作包括修復奈良縣春日大社的國寶箭。', '2023-07-13 04:23:54', 0, 0, 0),
(91, 2, '三郎製造', '/product/arrow32.jpg', 800, '署名「三郎作」。\r\n長谷川三郎（第一代）、康典（第二代）、英一（第三代）。長谷川射箭店。1939年開業。住在東京。', '2023-06-16 04:23:58', 1, 0, 0),
(92, 2, '正宗箭', '/product/arrow33.jpg', 900, '配有方根捲葉箭頭，掃帚在陰影中烘烤，羽毛上用金泥寫梵文，並配有支架，實用和觀賞兼具。署名「正宗」。\r\n杉山正敏. 從1910年（明治43年）到1999年（平成11年）。住在東京台東區。1989年，房子被台東區指定為無形文化財產。', '2023-04-05 04:24:03', 0, 1, 1),
(93, 2, '碧流箭', '/product/arrow34.jpg', 300, '用金漆寫的“碧流竹林派吉田政友”，掃帚的燒焦影子上刻有金箔。它配有支架，適合實際使用和觀看。羽毛光滑而堅固，翻轉後恢復良好，雖然有少量昆蟲損壞，但我認為它們可以承受長期使用。\r\n', '2023-08-08 04:24:08', 1, 0, 0),
(94, 2, '重和', '/product/arrow35.jpg', 500, '署名「茂一」。\r\n平井重和. 從1888年（明治21年）到1958年（昭和33年）。靜岡縣大井川町。他的老師是增田平三郎（小川）。1909年4月獨立。弟子有平井修二、平井三藏（茂德）、大畑千太郎（和泉）、鈴木茂、平井正吉（成城）、藤田長一郎等。', '2023-07-08 04:24:11', 0, 0, 0),
(95, 2, '屋四谷', '/product/arrow36.jpg', 400, '羽毛有一些使用過的痕跡，但它們很硬，彈性很好，倒過來會彈回來，所以我認為它們可以承受長期使用。', '2023-07-05 04:24:15', 1, 1, 1),
(96, 2, '屋四谷 成城', '/product/arrow37.jpg', 600, '羽毛光滑堅韌，翻轉時能強力反彈。\r\n有一些刮痕，但如果您想更換木頭，您將獲得一張狀況良好的木頭和一張備用木頭。名為「誠城」。\r\n平井正吉. 從 1912 年到 1979 年。住在靜岡縣靜岡市。我的老師是平井重和。', '2023-07-11 04:24:19', 1, 0, 0),
(97, 2, '屋四谷 長鶴', '/product/arrow38.jpg', 700, '羽毛有少量磨損，但光滑且牢固，翻轉後會彈回來，所以我認為它們可以承受長期使用。銘文：“Naga no Tsuru”', '2023-08-15 04:24:24', 0, 1, 0),
(98, 2, '屋四谷 政宗制', '/product/arrow39.jpg', 900, '羽毛沒有磨損的跡象，光滑，腰力強，倒過來回復力強，所以我認為它們可以承受長期使用。署名「正宗」。\r\n杉山正敏. 從1910年（明治43年）到1999年（平成11年）。', '2023-06-16 04:24:27', 1, 0, 0),
(99, 2, '單手', '/product/arrow40.jpg', 800, '羽毛沒有磨損的跡象，光滑，腰力強，倒過來回復力強，所以我認為它們可以承受長期使用。', '2023-09-07 04:24:32', 0, 0, 0),
(100, 2, '屋四谷 吉國制', '/product/arrow41.jpg', 1000, '羽毛沒有磨損的跡象，光滑，背部堅固，翻轉後回復力強，所以我認為它們可以承受長期使用。', '2023-10-04 04:24:39', 0, 0, 0),
(101, 2, '正康', '/product/arrow42.jpg', 1200, '署名「正康」 。\r\n從1900年（明治33年）到1983年（昭和58年）。住在東京都杉併區。他的老師是增田平三郎（小川）。', '2023-10-02 04:41:59', 1, 0, 0),
(102, 2, '屋四谷', '/product/arrow43.jpg', 600, '羽毛沒有磨損的跡象，光滑，腰力強，倒過來回復力強，所以我認為它們可以承受長期使用。', '2023-08-15 04:43:46', 0, 1, 1),
(103, 2, '宗次', '/product/arrow44.jpg', 800, '羽毛光滑堅韌，翻轉時能強力反彈。\r\n有一些刮痕，但如果您願意更換木材，您會得到一個狀況相當好的木頭。署名「宗二作」。\r\n曾根宗繼. 住在靜岡縣燒津市。', '2023-08-07 04:43:37', 1, 0, 0),
(104, 2, 'Juraya 四谷', '/product/arrow45.jpg', 700, '羽毛幾乎沒有使用過的跡象，有少量破損的羽毛，每根羽毛的窗口填充物約為 3 毫米。\r\n它光滑、堅固，倒置時會彈回來，所以我認為它經得起使用。', '2023-07-12 04:43:33', 0, 1, 1),
(105, 2, '屋四谷', '/product/arrow46.jpg', 500, '羽毛沒有磨損的痕跡，光滑，腰部堅挺，倒過來還能彈回來，所以我覺得可以經得住長期使用。', '2023-09-05 04:43:42', 0, 0, 0),
(106, 2, '力雄', '/product/arrow47.jpg', 400, '這是那須耀和擁有的兩把竹掃帚。\r\n雖然有一些使用痕跡，但它是一款做工極其精良的產品（不捲曲、不單面受壓、形狀均勻、張力均勻、重量均勻），是值得推薦的商品。', '2023-07-03 04:43:29', 0, 0, 0),
(107, 2, '屋四谷', '/product/arrow48.jpg', 600, '它有一個大麥形狀的末端擺輪，尖端塗有漆以防止刮傷。\r\n此商品製作精良（不捲曲、不單邊推、形狀均勻、張力均勻、重量均勻），是值得推薦的商品。\r\n\r\n羽毛上有少量蟲蛀（請檢查圖像），但它們光滑且堅固，並且翻轉時反彈良好，因此我認為它們可以承受長期使用。\r\n', '2023-07-04 04:43:25', 1, 1, 0),
(108, 2, '屋四谷', '/product/arrow49.jpg', 800, '掃帚有使用過的痕跡，有一些瘀傷和刮痕，但狀況良好，品質良好。\r\n\r\n翅膀被蟲蛀了（請檢查圖片），有些地方很脆弱，但它們光滑而堅固，翻轉時反彈力很強，所以我認為它們可以承受長期使用。', '2023-08-09 04:43:21', 0, 0, 0),
(109, 2, '屋四谷 宗次作', '/product/arrow50.jpg', 900, '羽毛有少量磨損，但光滑且牢固，翻轉後彈性強勁，因此我認為它們可以承受長期使用。署名「宗二作」。', '2023-07-01 04:43:18', 1, 1, 0),
(110, 3, '男士聚酯纖維和服內衣套裝\r\n\r\n', '/product/suit1.jpg', 500, '背面下擺有一條開衩。\r\n左袖口加寬5厘米，更容易脫皮。\r\n材質：聚酯纖維\r\n和服顏色為黑色，無襯裡。附白色內衣。', '2023-07-04 04:43:14', 0, 0, 0),
(111, 3, '女用聚酯纖維和服內衣套裝', '/product/suit2.jpg', 600, '它可機洗且易於處理，因此推薦給和服初學者。\r\n背面下擺有一條開衩。\r\n\r\n材質：聚酯纖維\r\n和服有 2 種顏色，單色無襯裡。附白色內衣。', '2023-07-07 04:43:10', 0, 0, 0),
(112, 3, '男士羊毛和服內衣套裝', '/product/suit3.jpg', 500, '具有奢華感且觸感柔軟的和服和內衣套裝。\r\n\r\n材質：和服 - 超級羊毛，內衣 - 合成纖維 和服\r\n的顏色為黑色，無襯裡。附白色內衣。\r\n僅適用於男士。', '2023-06-07 04:43:06', 0, 0, 0),
(113, 3, '男士條紋和服內衣套裝\r\n\r\n', '/product/suit4.jpg', 400, '夏季和服和內衣套裝，採用挺括的布料製成。\r\n條紋圖案是透明的，看起來很酷。\r\n\r\n材質：和服 - 條紋紗布、內衣 - 亞麻 和服\r\n的顏色為黑色（有透明條紋圖案），無襯裡。夏天搭配白色內衣。\r\n僅適用於男士。', '2023-06-01 04:43:02', 0, 0, 0),
(114, 3, '屠夫男士內衣\r\n\r\n', '/product/suit5.jpg', 500, '布料採用名為 Butcher 的立體編織方式編織而成，具有凹凸不平的特點，與皮膚接觸的表面積較小，脫下時不易黏在皮膚上。\r\n\r\n材質：100% 聚酯\r\n纖維 和服單獨販售。尺寸與我們提供的男士聚酯纖維和服和內衣套裝相匹配。', '2023-06-08 04:42:59', 0, 0, 1),
(115, 3, '男女服 Shitagi (Tsutsode)\r\n\r\n', '/product/suit6.jpg', 400, '這種長袖內衣穿在內衣下面，可以防止冬天脫衣服時皮膚直接接觸冷空氣。\r\n但它不是很厚，因此如有必要，請在和服和內衣內單獨穿一層寒冷天氣的內層。\r\n\r\n材質：100%聚酯纖維', '2023-06-02 04:42:55', 0, 0, 0),
(116, 3, '條紋袴\r\n\r\n', '/product/suit7.jpg', 600, '這是一種條紋袴，主要是高層人士穿著日本服裝時所穿的。\r\n條紋圖案的種類會根據尺寸和到貨時間的不同而有所不同，所以網路上沒有現貨。\r\n請親臨我們的實體店或透過電話與我們聯絡。', '2023-08-03 04:42:51', 0, 0, 0),
(117, 3, '黑色聚酯纖維褲裙\r\n\r\n', '/product/suit8.jpg', 500, '這是最標準的黑色褲裙。\r\n內側褶皺上的縫線可防止褶皺即使在洗滌後也不會塌陷。\r\n\r\n材質：100% 聚酯纖維，背面有褶縫\r\n男款（附背板）僅用於騎馬，女款用於騎馬（裙褲型）和安燈（裙子型）。\r\n尺寸（前弦下方的長度）以 3 公分為增量。\r\n男士 - 前寬：約 32 厘米，後寬：約 26 厘米，\r\n女士 - 前寬：約 32 厘米，後寬：約 28 厘米', '2023-08-17 04:42:48', 0, 1, 0),
(118, 3, '海軍藍聚酯褲裙\r\n\r\n', '/product/suit9.jpg', 400, '這是一條近乎黑色的深藍色褲裙。\r\n內側褶皺上的縫線可防止褶皺即使在洗滌後也不會塌陷。\r\n\r\n材質：100% 聚酯纖維，背面有褶縫\r\n男款（附背板）僅用於騎馬，女款用於騎馬（裙褲型）和安燈（裙子型）。\r\n尺寸（前弦下方的長度）以 3 公分為增量。\r\n男士 - 前寬：約 32 厘米，後寬：約 26 厘米，\r\n女士 - 前寬：約 32 厘米，後寬：約 28 厘米', '2023-08-02 04:42:44', 0, 0, 1),
(119, 3, '夏季黑色聚酯纖維褲裙\r\n\r\n', '/product/suit10.jpg', 500, '夏季黑色褲裙，比全年使用的褲裙稍薄、更輕。\r\n內側褶皺上的縫線可防止褶皺即使在洗滌後也不會塌陷。\r\n\r\n材質：100% 聚酯纖維，背面有褶縫。\r\n男式（附背板）和女式，僅適合騎馬者。尺寸\r\n（前繩下部長度）增量為 3 公分。\r\n男士 - 前寬：約 32 厘米，後寬：約 26 厘米，\r\n女士 - 前寬：約 32 厘米，後寬：約 28 厘米', '2023-09-01 04:42:41', 0, 0, 0),
(120, 3, 'Kyudo 制服白色棉滌混紡\r\n\r\n', '/product/suit11.jpg', 500, '這是一年四季最標準的短袖射箭服。帶後袋。\r\n\r\n材質：35% 棉、65% 聚酯纖維', '2023-08-09 04:42:37', 0, 0, 0),
(121, 3, 'Kyudo 制服白色聚酯纖維\r\n\r\n', '/product/suit12.jpg', 500, '這款射箭服由 100% 聚酯纖維製成，抗皺且易於清洗。帶後袋。\r\n\r\n材質：100% 聚酯纖維', '2023-08-10 04:42:34', 0, 0, 0),
(122, 3, '弓道製服白色屠夫場\r\n\r\n', '/product/suit13.jpg', 500, '這是一款適合全年穿著的射箭服，採用名為 Butcher 的編織方式，賦予其三維感。\r\n由於布料不均勻，與皮膚接觸的表面積較少，即使出汗也不會粘在皮膚上，因此建議夏季穿著。\r\n帶後袋。\r\n\r\n材質：100% 聚酯纖維', '2023-08-17 04:42:30', 0, 1, 0),
(123, 3, 'Kyudo 制服\r\n', '/product/suit14.jpg', 600, '這是一款全年皆宜的彩色弓道製服。帶後袋。\r\n材質：100% 聚酯纖維', '2023-07-04 04:42:27', 0, 0, 1),
(124, 3, '夏季弓道服，吸汗速乾\r\n\r\n', '/product/suit15.jpg', 400, '這是夏季薄型弓道服，採用吸汗速乾布料製成，即使出汗也能輕鬆乾燥。\r\n帶後袋。\r\n\r\n材質：100% 聚酯纖維', '2023-07-12 04:42:22', 1, 0, 0),
(125, 3, '夏季亞麻聚酯混紡弓道道服', '/product/suit16.jpg', 500, '這是一款薄薄的夏季弓道服，由於含有亞麻，因此透氣性良好，看起來很涼爽。帶後袋。\r\n*由於它是由薄布料製成的，所以它是透明的，所以我們建議穿內層。\r\n\r\n材質：35% 亞麻、65% 聚酯纖維', '2023-07-10 04:42:18', 0, 0, 1),
(126, 3, '冬季抓絨弓道製服\r\n\r\n', '/product/suit17.jpg', 300, '冬季弓道製服，內部有羊毛襯裡。它很厚，所以特別推薦在寒冷的季節使用。\r\n帶後袋。適合男性和女性（兩側封閉）。材質：100% 聚酯纖維，羊毛襯裡', '2023-07-11 04:42:15', 0, 0, 0),
(127, 3, '夏季弓道服，吸汗速乾\r\n\r\n', '/product/suit18.jpg', 400, '這是夏季薄型弓道服，採用吸汗速乾布料製成，即使出汗也能輕鬆乾燥。附後袋。材質：100% 聚酯纖維', '2023-07-05 04:42:11', 1, 0, 0),
(128, 3, '夏季亞麻聚酯混紡弓道道服', '/product/suit19.jpg', 500, '這是一款薄薄的夏季弓道服，由於含有亞麻，因此透氣性良好，看起來很涼爽。附後袋。\r\n*由於它是由薄布料製成的，所以它是透明的，所以我們建議穿內層。\r\n材質：35% 亞麻、65% 聚酯纖維', '2023-08-03 04:42:07', 0, 0, 1),
(129, 3, '冬季抓絨弓道製服', '/product/suit20.jpg', 300, '冬季弓道製服，內部有羊毛襯裡。它很厚，所以特別推薦在寒冷的季節使用。\r\n帶後袋。適合男性和女性（兩側封閉）。材質：100% 聚酯纖維，羊毛襯裡', '2023-10-02 04:42:03', 0, 0, 0),
(130, 4, '弦巻　面取籐', '/product/other1.jpg', 400, '採用倒角藤條精細編織而成，做工精良，串線纏繞，顏色隨年代而變好。', '2023-10-03 04:59:07', 0, 0, 0),
(131, 4, '鶴捲藤', '/product/other2.jpg', 400, '長度為16.5cm，這是一條鬆散編織的藤繩。\r\n', '2023-07-06 04:59:45', 0, 0, 1),
(132, 4, '鶴卷倒角藤條', '/product/other3.jpg', 500, '長度為12.3cm，採用倒角藤條精細編織而成，做工精良，串線纏繞，顏色隨年代而變好。', '2023-10-05 04:59:41', 1, 0, 0),
(133, 4, '鶴捲藤', '/product/other4.jpg', 400, '長度為11.8cm，這是一幅編織鬆散、大氣的線卷。\r\n', '2023-08-03 04:59:38', 0, 0, 1),
(134, 4, '鶴卷倒角藤', '/product/other5.jpg', 500, '長度為13.4cm，它是用倒角的藤條粗略編織而成的繩子。\r\n', '2023-09-01 04:59:33', 0, 0, 0),
(135, 4, '鶴卷倒角藤', '/product/other6.jpg', 600, '長度為12.5cm，這是一種由倒角藤條製成的緊密編織的繩卷。', '2023-08-03 04:59:29', 1, 0, 0),
(136, 4, '鶴捲紙 扭曲+漆', '/product/other7.jpg', 400, '長度為12.7cm，精細編織的紙束塗有漆並且具有柔韌性。\r\n', '2023-09-06 04:59:25', 0, 0, 0),
(137, 4, '鶴捲藤', '/product/other8.jpg', 500, '長度為12.9cm，這是一種編織精細、做工精良的繩卷。\r\n裡面寫著一個名字。', '2023-08-04 04:59:21', 0, 0, 0),
(138, 4, '鶴卷倒角藤', '/product/other9.jpg', 600, '長度為12.0cm，採用倒角藤條精細編織而成，做工精良，串線纏繞，顏色隨年代而變好。', '2023-08-17 04:59:18', 0, 0, 0),
(139, 4, '鶴捲藤', '/product/other10.jpg', 400, '長度為12.7cm，這是一幅編織鬆散、大氣的線卷。\r\n', '2023-09-01 04:59:14', 1, 0, 0),
(140, 4, '鶴捲藤', '/product/other11.jpg', 500, '長度為13.9cm，琴弦編織精細，做工精良，顏色隨著時間的推移而愈發完善。\r\n', '2023-08-03 04:59:11', 0, 0, 1);

-- --------------------------------------------------------

--
-- 資料表結構 `product_arrow_length`
--

CREATE TABLE `product_arrow_length` (
  `id` int(11) NOT NULL,
  `product_id` int(4) NOT NULL,
  `arrow_length_id` tinyint(2) NOT NULL
) ENGINE=InnoDB DEFAULT CHARSET=utf8mb4 COLLATE=utf8mb4_general_ci;

--
-- 傾印資料表的資料 `product_arrow_length`
--

INSERT INTO `product_arrow_length` (`id`, `product_id`, `arrow_length_id`) VALUES
(1, 2, 1),
(2, 2, 2),
(3, 2, 3),
(4, 2, 4),
(5, 6, 1),
(6, 6, 2),
(7, 6, 3),
(8, 6, 4),
(9, 10, 1),
(10, 10, 2),
(11, 10, 3),
(12, 10, 4),
(13, 14, 1),
(14, 14, 2),
(15, 14, 3),
(16, 14, 4),
(17, 18, 1),
(18, 18, 2),
(19, 18, 3),
(20, 18, 4),
(21, 21, 1),
(22, 21, 2),
(23, 21, 3),
(24, 21, 4);

-- --------------------------------------------------------

--
-- 資料表結構 `product_arrow_meterial`
--

CREATE TABLE `product_arrow_meterial` (
  `id` int(11) NOT NULL,
  `product_id` int(4) NOT NULL,
  `arrow_meterial_id` tinyint(2) NOT NULL
) ENGINE=InnoDB DEFAULT CHARSET=utf8mb4 COLLATE=utf8mb4_general_ci;

--
-- 傾印資料表的資料 `product_arrow_meterial`
--

INSERT INTO `product_arrow_meterial` (`id`, `product_id`, `arrow_meterial_id`) VALUES
(1, 2, 1),
(2, 2, 2),
(3, 2, 3),
(4, 2, 4),
(5, 6, 1),
(6, 6, 2),
(7, 6, 3),
(8, 6, 4),
(9, 10, 1),
(10, 10, 2),
(11, 10, 3),
(12, 10, 4),
(13, 14, 1),
(14, 14, 2),
(15, 14, 3),
(16, 14, 4),
(17, 18, 1),
(18, 18, 2),
(19, 18, 3),
(20, 18, 4),
(21, 21, 1),
(22, 21, 2),
(23, 21, 3),
(24, 21, 4);

-- --------------------------------------------------------

--
-- 資料表結構 `product_arrow_shaft`
--

CREATE TABLE `product_arrow_shaft` (
  `id` int(11) NOT NULL,
  `product_id` int(4) NOT NULL,
  `arrow_shaft_id` tinyint(2) NOT NULL
) ENGINE=InnoDB DEFAULT CHARSET=utf8mb4 COLLATE=utf8mb4_general_ci;

--
-- 傾印資料表的資料 `product_arrow_shaft`
--

INSERT INTO `product_arrow_shaft` (`id`, `product_id`, `arrow_shaft_id`) VALUES
(1, 2, 1),
(2, 2, 2),
(3, 2, 3),
(4, 2, 4),
(5, 6, 1),
(6, 6, 2),
(7, 6, 3),
(8, 6, 4),
(9, 10, 1),
(10, 10, 2),
(11, 10, 3),
(12, 10, 4),
(13, 14, 1),
(14, 14, 2),
(15, 14, 3),
(16, 14, 4),
(17, 18, 1),
(18, 18, 2),
(19, 18, 3),
(20, 18, 4),
(21, 21, 1),
(22, 21, 2),
(23, 21, 3),
(24, 21, 4);

-- --------------------------------------------------------

--
-- 資料表結構 `product_attribute`
--

CREATE TABLE `product_attribute` (
  `id` int(4) NOT NULL,
  `category_id` int(4) NOT NULL,
  `name` varchar(30) NOT NULL
) ENGINE=InnoDB DEFAULT CHARSET=utf8mb4 COLLATE=utf8mb4_general_ci;

--
-- 傾印資料表的資料 `product_attribute`
--

INSERT INTO `product_attribute` (`id`, `category_id`, `name`) VALUES
(1, 1, '材質'),
(2, 1, '長度'),
(3, 1, '拉力'),
(4, 2, '材質'),
(5, 2, '長度'),
(6, 2, '軸心'),
(7, 3, '尺寸'),
(8, 3, '顏色');

-- --------------------------------------------------------

--
-- 資料表結構 `product_bow_length`
--

CREATE TABLE `product_bow_length` (
  `id` int(11) NOT NULL,
  `product_id` int(4) NOT NULL,
  `bow_length_id` tinyint(2) NOT NULL
) ENGINE=InnoDB DEFAULT CHARSET=utf8mb4 COLLATE=utf8mb4_general_ci;

--
-- 傾印資料表的資料 `product_bow_length`
--

INSERT INTO `product_bow_length` (`id`, `product_id`, `bow_length_id`) VALUES
(1, 1, 1),
(2, 1, 2),
(3, 1, 3),
(4, 1, 4),
(5, 5, 1),
(6, 5, 2),
(7, 5, 3),
(8, 5, 4),
(9, 9, 1),
(10, 9, 2),
(11, 9, 3),
(12, 9, 4),
(13, 12, 1),
(14, 12, 2),
(15, 12, 3),
(16, 12, 4),
(17, 16, 1),
(18, 16, 2),
(19, 16, 3),
(20, 16, 4),
(21, 20, 1),
(22, 20, 2),
(23, 20, 3),
(24, 20, 4);

-- --------------------------------------------------------

--
-- 資料表結構 `product_bow_meterial`
--

CREATE TABLE `product_bow_meterial` (
  `id` int(11) NOT NULL,
  `product_id` int(4) NOT NULL,
  `bow_meterial_id` tinyint(2) NOT NULL
) ENGINE=InnoDB DEFAULT CHARSET=utf8mb4 COLLATE=utf8mb4_general_ci;

--
-- 傾印資料表的資料 `product_bow_meterial`
--

INSERT INTO `product_bow_meterial` (`id`, `product_id`, `bow_meterial_id`) VALUES
(1, 1, 1),
(2, 1, 2),
(3, 1, 3),
(4, 1, 4),
(5, 5, 1),
(6, 5, 2),
(7, 5, 3),
(8, 5, 4),
(9, 9, 1),
(10, 9, 2),
(11, 9, 3),
(12, 9, 4),
(13, 12, 1),
(14, 12, 2),
(15, 12, 3),
(16, 12, 4),
(17, 16, 1),
(18, 16, 2),
(19, 16, 3),
(20, 16, 4),
(21, 20, 1),
(22, 20, 2),
(23, 20, 3),
(24, 20, 4);

-- --------------------------------------------------------

--
-- 資料表結構 `product_bow_strength`
--

CREATE TABLE `product_bow_strength` (
  `id` int(11) NOT NULL,
  `product_id` int(4) NOT NULL,
  `bow_strength_id` tinyint(2) NOT NULL
) ENGINE=InnoDB DEFAULT CHARSET=utf8mb4 COLLATE=utf8mb4_general_ci;

--
-- 傾印資料表的資料 `product_bow_strength`
--

INSERT INTO `product_bow_strength` (`id`, `product_id`, `bow_strength_id`) VALUES
(1, 1, 1),
(2, 1, 2),
(3, 1, 3),
(4, 1, 4),
(5, 5, 1),
(6, 5, 2),
(7, 5, 3),
(8, 5, 4),
(9, 9, 1),
(10, 9, 2),
(11, 9, 3),
(12, 9, 4),
(13, 12, 1),
(14, 12, 2),
(15, 12, 3),
(16, 12, 4),
(17, 16, 1),
(18, 16, 2),
(19, 16, 3),
(20, 16, 4),
(21, 20, 1),
(22, 20, 2),
(23, 20, 3),
(24, 20, 4);

-- --------------------------------------------------------

--
-- 資料表結構 `product_suit_color`
--

CREATE TABLE `product_suit_color` (
  `id` int(11) NOT NULL,
  `product_id` int(4) NOT NULL,
  `suit_color_id` tinyint(2) NOT NULL
) ENGINE=InnoDB DEFAULT CHARSET=utf8mb4 COLLATE=utf8mb4_general_ci;

-- --------------------------------------------------------

--
-- 資料表結構 `product_suit_size`
--

CREATE TABLE `product_suit_size` (
  `id` int(11) NOT NULL,
  `product_id` int(4) NOT NULL,
  `suit_size_id` tinyint(2) NOT NULL
) ENGINE=InnoDB DEFAULT CHARSET=utf8mb4 COLLATE=utf8mb4_general_ci;

-- --------------------------------------------------------

--
-- 資料表結構 `rating_course`
--

CREATE TABLE `rating_course` (
  `id` int(6) NOT NULL,
  `order_id` varchar(50) NOT NULL,
  `member_id` int(6) NOT NULL,
  `course_id` int(6) DEFAULT NULL,
  `score` int(1) NOT NULL,
  `comment` varchar(500) DEFAULT NULL,
  `created_at` datetime NOT NULL DEFAULT current_timestamp()
) ENGINE=InnoDB DEFAULT CHARSET=utf8mb4 COLLATE=utf8mb4_general_ci;

--
-- 傾印資料表的資料 `rating_course`
--

INSERT INTO `rating_course` (`id`, `order_id`, `member_id`, `course_id`, `score`, `comment`, `created_at`) VALUES
(1, '1', 1, 1, 5, '這堂課的內容非常豐富，內容涵蓋了豐富的主題，並提供了深入的見解。課程讓我對所學的內容有更深的理解，並且讓我能夠將知識應用於實際場景。老師的講解也非常生動，使得學習過程變得有趣。我強烈推薦這門課程給其他人。這堂課的內容非常豐富，內容涵蓋了豐富的主題，並提供了深入的見解。課程讓我對所學的內容有更深的理解，並且讓我能夠將知識應用於實際場景。老師的講解也非常生動，使得學習過程變得有趣。我強烈推薦這門課程給其他人。', '2023-10-13 00:00:00'),
(2, '2', 2, 1, 4, '老師非常專業，提供了深入的知識。他在課堂上回答問題非常耐心，並提供了實用的示例。我學到了很多新的東西，並且能夠將這些知識應用於我的工作中。老師對課程的掌握程度讓我印象深刻，我期待再次參加他的課程。', '2023-10-14 00:00:00'),
(3, '3', 3, 1, 3, '課程場地環境一般，希望能改善。課程內容不錯，但場地可能需要改進。座位有點擁擠，環境也不太安靜。希望未來的課程可以在更好的場地舉行。', '2023-10-15 00:00:00'),
(4, '4', 4, 1, 5, '這是我參加過最好的課程，完全超出了我的期望。課程內容豐富，老師教得很好，並且提供了大量實例和練習機會。我非常滿意這門課程，我相信它將對我的職業生涯產生積極影響。', '2023-10-16 00:00:00'),
(5, '5', 5, 1, 4, '課程的結構很合理，逐步建立基礎知識，讓我容易理解進階內容。課程設計師做了出色的工作，使得學習過程變得有條不紊。我認為這門課程是學習新技能的絕佳途徑。', '2023-10-17 00:00:00'),
(7, '1', 1, 2, 5, '這堂課的內容非常豐富，內容涵蓋了豐富的主題，並提供了深入的見解。課程讓我對所學的內容有更深的理解，並且讓我能夠將知識應用於實際場景。老師的講解也非常生動，使得學習過程變得有趣。我強烈推薦這門課程給其他人。', '2023-10-18 00:00:00'),
(8, '2', 2, 2, 4, '老師非常專業，提供了深入的知識。他在課堂上回答問題非常耐心，並提供了實用的示例。我學到了很多新的東西，並且能夠將這些知識應用於我的工作中。老師對課程的掌握程度讓我印象深刻，我期待再次參加他的課程。', '2023-10-18 00:00:00'),
(9, '3', 3, 2, 3, '課程場地環境一般，希望能改善。課程內容不錯，但場地可能需要改進。座位有點擁擠，環境也不太安靜。希望未來的課程可以在更好的場地舉行。', '2023-10-18 00:00:00'),
(10, '4', 4, 2, 5, '這是我參加過最好的課程，完全超出了我的期望。課程內容豐富，老師教得很好，並且提供了大量實例和練習機會。我非常滿意這門課程，我相信它將對我的職業生涯產生積極影響。', '2023-10-18 00:00:00'),
(11, '5', 5, 2, 4, '課程的結構很合理，逐步建立基礎知識，讓我容易理解進階內容。課程設計師做了出色的工作，使得學習過程變得有條不紊。我認為這門課程是學習新技能的絕佳途徑。', '2023-10-18 00:00:00'),
(13, '1', 1, 3, 5, '這堂課的內容非常豐富，內容涵蓋了豐富的主題，並提供了深入的見解。課程讓我對所學的內容有更深的理解，並且讓我能夠將知識應用於實際場景。老師的講解也非常生動，使得學習過程變得有趣。我強烈推薦這門課程給其他人。', '2023-10-18 00:00:00'),
(14, '2', 2, 3, 5, '老師非常專業，提供了深入的知識。他在課堂上回答問題非常耐心，並提供了實用的示例。我學到了很多新的東西，並且能夠將這些知識應用於我的工作中。老師對課程的掌握程度讓我印象深刻，我期待再次參加他的課程。', '2023-10-18 00:00:00'),
(15, '3', 3, 3, 3, '課程場地環境一般，希望能改善。課程內容不錯，但場地可能需要改進。座位有點擁擠，環境也不太安靜。希望未來的課程可以在更好的場地舉行。', '2023-10-18 00:00:00'),
(16, '4', 4, 3, 5, '這是我參加過最好的課程，完全超出了我的期望。課程內容豐富，老師教得很好，並且提供了大量實例和練習機會。我非常滿意這門課程，我相信它將對我的職業生涯產生積極影響。', '2023-10-18 00:00:00'),
(17, '5', 5, 3, 4, '課程的結構很合理，逐步建立基礎知識，讓我容易理解進階內容。課程設計師做了出色的工作，使得學習過程變得有條不紊。我認為這門課程是學習新技能的絕佳途徑。', '2023-10-18 00:00:00'),
(19, '1', 1, 4, 5, '這堂課的內容非常豐富，內容涵蓋了豐富的主題，並提供了深入的見解。課程讓我對所學的內容有更深的理解，並且讓我能夠將知識應用於實際場景。老師的講解也非常生動，使得學習過程變得有趣。我強烈推薦這門課程給其他人。', '2023-10-18 00:00:00'),
(20, '2', 2, 4, 2, '老師非常專業，提供了深入的知識。他在課堂上回答問題非常耐心，並提供了實用的示例。我學到了很多新的東西，並且能夠將這些知識應用於我的工作中。老師對課程的掌握程度讓我印象深刻，我期待再次參加他的課程。', '2023-10-18 00:00:00'),
(21, '3', 3, 4, 3, '課程場地環境一般，希望能改善。課程內容不錯，但場地可能需要改進。座位有點擁擠，環境也不太安靜。希望未來的課程可以在更好的場地舉行。', '2023-10-18 00:00:00'),
(22, '4', 4, 4, 2, '這是我參加過最好的課程，完全超出了我的期望。課程內容豐富，老師教得很好，並且提供了大量實例和練習機會。我非常滿意這門課程，我相信它將對我的職業生涯產生積極影響。', '2023-10-18 00:00:00'),
(23, '5', 5, 4, 1, '課程的結構很合理，逐步建立基礎知識，讓我容易理解進階內容。課程設計師做了出色的工作，使得學習過程變得有條不紊。我認為這門課程是學習新技能的絕佳途徑。', '2023-10-18 00:00:00'),
(58, '202310240001', 1, 1, 4, '課程內容很豐富，老師講解得也很清楚，非常推薦！', '2023-09-24 07:00:00'),
(59, '202310240002', 2, 1, 3, '課程內容還不錯，但老師講解得有點快，需要自己多花時間消化', '2023-09-28 07:05:00'),
(60, '202310240003', 3, 1, 5, '這是我上過最好的課程，老師非常用心，課程內容也很實用', '2023-10-01 07:10:00'),
(61, '202310240004', 4, 1, 4, '課程內容很實用，但老師講解得有點枯燥', '2023-10-05 07:15:00'),
(62, '202310240005', 5, 1, 2, '課程內容太淺顯了，沒有學到什麼東西', '2023-10-06 07:20:00'),
(63, '202310240006', 1, 1, 3, '課程內容還不錯，但老師講解得有點枯燥', '2023-09-22 07:25:00'),
(64, '202310240007', 2, 1, 5, '非常棒的課程，老師講解得非常清楚，讓我學到了很多東西', '2023-10-14 07:30:00'),
(65, '202310240008', 3, 1, 4, '課程內容很實用，但老師講解得有點快，需要自己多花時間消化', '2023-10-17 07:35:00'),
(66, '202310240009', 4, 1, 3, '課程內容還不錯，但老師講解得有點枯燥', '2023-10-24 07:40:00'),
(67, '202310240010', 5, 1, 2, '課程內容太淺顯了，沒有學到什麼東西', '2023-10-24 07:45:00'),
(68, '202310240011', 1, 1, 4, '課程內容很豐富，老師講解得也很清楚，非常推薦！', '2023-10-24 07:50:00'),
(69, '202310240012', 2, 1, 5, '這是我上過最好的課程，老師非常用心，課程內容也很實用', '2023-10-24 07:55:00'),
(70, '202310240013', 3, 1, 3, '課程內容還不錯，但老師講解得有點枯燥', '2023-10-24 08:00:00'),
(71, '202310240014', 4, 1, 4, '課程內容很實用，但老師講解得有點快，需要自己多花時間消化', '2023-10-24 08:05:00'),
(72, '202310240015', 5, 1, 2, '課程內容太淺顯了，沒有學到什麼東西', '2023-10-24 08:10:00'),
(73, '202310240016', 1, 1, 3, '課程內容還不錯，但老師講解得有點枯燥', '2023-10-24 08:15:00'),
(74, '202310240017', 2, 1, 5, '非常棒的課程，老師講解得非常清楚，讓我學到了很多東西', '2023-10-24 08:20:00'),
(75, '202310240018', 3, 1, 4, '課程內容很實用，但老師講解得有點快，需要自己多花時間消化', '2023-10-24 08:25:00'),
(76, '202310240019', 4, 1, 3, '課程內容還不錯，但老師講解得有點枯燥', '2023-10-24 08:30:00'),
(77, '202310240020', 5, 1, 2, '課程內容太淺顯了，沒有學到什麼東西', '2023-10-24 08:35:00'),
(78, '202310240021', 1, 1, 4, '課程內容很豐富，老師講解得也很清楚，非常推薦！', '2023-10-24 08:40:00'),
(79, '202310240022', 2, 1, 5, '這是我上過最好的課程，老師非常用心，課程內容也很實用', '2023-10-24 08:45:00'),
(80, '202310240023', 3, 1, 3, '課程內容還不錯，但老師講解得有點枯燥', '2023-10-24 08:50:00'),
(81, '202310240024', 4, 1, 4, '課程內容很實用，但老師講解得有點快，需要自己多花時間消化', '2023-10-24 08:55:00'),
(82, '202310240025', 5, 1, 2, '課程內容太淺顯了，沒有學到什麼東西', '2023-10-24 09:00:00'),
(83, '202310240026', 1, 1, 3, '課程內容還不錯，但老師講解得有點枯燥', '2023-10-24 09:05:00'),
(84, '202310240027', 2, 1, 5, '非常棒的課程，老師講解得非常清楚，讓我學到了很多東西', '2023-10-24 09:10:00'),
(85, '202310240028', 3, 1, 4, '課程內容很實用，但老師講解得有點快，需要自己多花時間消化', '2023-10-24 09:15:00'),
(86, '202310240029', 4, 1, 3, '課程內容還不錯，但老師講解得有點枯燥', '2023-10-24 09:20:00'),
(87, '202310240030', 5, 1, 2, '課程內容太淺顯了，沒有學到什麼東西', '2023-10-24 09:25:00');

-- --------------------------------------------------------

--
-- 資料表結構 `shopping_cart`
--

CREATE TABLE `shopping_cart` (
  `id` int(11) NOT NULL,
  `member_id` int(5) NOT NULL,
  `product_id` int(4) DEFAULT NULL,
  `course_id` int(4) DEFAULT NULL,
  `quantity` int(4) NOT NULL,
  `category_id` int(25) NOT NULL,
  `product_detail` varchar(100) DEFAULT NULL
) ENGINE=InnoDB DEFAULT CHARSET=utf8mb4 COLLATE=utf8mb4_general_ci;

-- --------------------------------------------------------

--
-- 資料表結構 `suit_color`
--

CREATE TABLE `suit_color` (
  `id` int(11) NOT NULL,
  `name` varchar(6) NOT NULL
) ENGINE=InnoDB DEFAULT CHARSET=utf8mb4 COLLATE=utf8mb4_general_ci;

--
-- 傾印資料表的資料 `suit_color`
--

INSERT INTO `suit_color` (`id`, `name`) VALUES
(1, '黑色'),
(2, '白色');

-- --------------------------------------------------------

--
-- 資料表結構 `suit_size`
--

CREATE TABLE `suit_size` (
  `id` tinyint(4) NOT NULL,
  `name` varchar(6) NOT NULL
) ENGINE=InnoDB DEFAULT CHARSET=utf8mb4 COLLATE=utf8mb4_general_ci;

--
-- 傾印資料表的資料 `suit_size`
--

INSERT INTO `suit_size` (`id`, `name`) VALUES
(1, 'S'),
(2, 'M'),
(3, 'L'),
(4, 'XL');

-- --------------------------------------------------------

--
-- 資料表結構 `syllabus`
--

CREATE TABLE `syllabus` (
  `id` int(6) NOT NULL,
  `course_id` int(6) NOT NULL,
  `times` varchar(255) NOT NULL,
  `date` date NOT NULL,
  `topic` varchar(255) NOT NULL,
  `target` varchar(255) NOT NULL,
  `created_at` date NOT NULL DEFAULT current_timestamp()
) ENGINE=InnoDB DEFAULT CHARSET=utf8mb4 COLLATE=utf8mb4_general_ci;

--
-- 傾印資料表的資料 `syllabus`
--

INSERT INTO `syllabus` (`id`, `course_id`, `times`, `date`, `topic`, `target`, `created_at`) VALUES
(1, 1, '一', '2023-10-28', '弓道之基礎：射法八節', '認識弓道歷史，學習射法八節之知識及練習方法。', '2023-10-09'),
(2, 2, '一', '2023-11-04', '草捲行射（一）：裝備調整', '認識弓道裝備、使用及個別調整；加強射法練習。', '2023-10-09'),
(3, 2, '二', '2023-11-05', '草捲行射（二）：前行射', '進行草捲行射練習，雕塑「正射」的正確姿勢。', '2023-10-09'),
(4, 3, '一', '2023-11-11', '一般行射（一）：姿勢調整', '行射時的人體肌構學，以及行射流程練習。', '2023-10-09'),
(5, 3, '二', '2023-11-12', '一般行射（二）：第一次行射', '道場參訪，在導師與助教的協助下進行行射流程。', '2023-10-09'),
(6, 4, '一', '2023-11-21', '審查流程（一）：何謂審查', '認識弓道歷史，解說弓道中審查制度及段位的意義。', '2023-10-09'),
(7, 4, '二', '2023-11-24', '審查流程（二）：流程及射位', '審查中的射位及動作順序示範及練習方法講解。', '2023-10-09'),
(8, 4, '三', '2023-11-28', '審查流程（三）：五人審查', '以全國審查會的標準，學員間進行五人分組練習。', '2023-10-09'),
(9, 4, '四', '2023-12-01', '審查流程（四）：實作與調整', '進入道場實作五人審查，將特邀審查員協助學員上手。', '2023-10-09'),
(10, 5, '一', '2023-12-05', '競技流程（一）：何謂競技', '在熟悉審查流程的基礎下，講解弓道中競技流程的差異。', '2023-10-09'),
(11, 5, '二', '2023-12-08', '競技流程（二）：射位及流程', '競技中的射位及動作順序示範，練習方法講解。', '2023-10-09'),
(12, 5, '三', '2023-12-12', '競技流程（三）：競與合', '以五人競技規則為主，讓學員親自練習熟悉流程方法。', '2023-10-09'),
(13, 5, '四', '2023-12-15', '競技流程（四）：實作與調整', '進入道場實作五人競技，將特邀審查員協助學員上手。', '2023-10-09'),
(14, 6, '一', '2023-12-19', '矢渡（一）', '介紹矢渡在弓道歷史中的意義。', '2023-10-09'),
(15, 6, '二', '2023-12-22', '矢渡（二）', '大師工作坊，特邀日本全國範士經驗分享。', '2023-10-09'),
(16, 6, '三', '2023-12-26', '矢渡（三）', '共學坊，學員、助教、教士及範士一同進行行射練習。', '2023-10-09'),
(17, 6, '四', '2023-12-29', '矢渡（四）', '共學坊，回顧課程內容，進行結業評估和討論未來發展計劃。', '2023-10-09'),
(18, 7, '一', '2023-01-02', '射禮（一）', '介紹射禮在弓道歷史中的意義。', '2023-10-09'),
(19, 7, '二', '2023-01-05', '射禮（二）', '大師工作坊，特邀日本全國範士經驗分享。', '2023-10-09'),
(20, 7, '三', '2023-01-09', '射禮（三）', '共學坊，學員、助教、教士及範士一同進行行射練習。', '2023-10-09'),
(21, 7, '四', '2023-01-12', '射禮（四）', '共學坊，回顧課程內容，進行結業評估和討論未來發展計劃。', '2023-10-09');

-- --------------------------------------------------------

--
-- 資料表結構 `teacher`
--

CREATE TABLE `teacher` (
  `id` int(6) NOT NULL,
  `name` varchar(255) NOT NULL,
  `rank` varchar(255) NOT NULL,
  `photo` varchar(255) DEFAULT NULL,
  `description` varchar(1000) DEFAULT NULL,
  `created_at` date NOT NULL DEFAULT current_timestamp()
) ENGINE=InnoDB DEFAULT CHARSET=utf8mb4 COLLATE=utf8mb4_general_ci;

--
-- 傾印資料表的資料 `teacher`
--

INSERT INTO `teacher` (`id`, `name`, `rank`, `photo`, `description`, `created_at`) VALUES
(1, '邱秉燁', '練士 五段', '/images/teacher/teacher_1.webp', '擁有超過十五年的弓道經驗，曾受訓於多位知名大師並在國際和國內比賽中屢獲殊榮。他的弓道之旅始於年輕時，對日本文化和武道產生浓厚興趣，逐漸精通這門藝術。<br/><br/>教學風格強調基本功和技術細節，注重心靈平靜和集中力。啟發學生發掘潛力。無論您的經驗或年齡如何，他都調整課程以滿足需求，確保每位學生在弓道中進步。', '2023-10-09'),
(2, '張孟晴', '練士 六段', '/images/teacher/teacher_2.webp', '擁有超過十五年的弓道經驗，曾受訓於多位知名大師並在國際和國內比賽中屢獲殊榮。他的弓道之旅始於年輕時，對日本文化和武道產生浓厚興趣，逐漸精通這門藝術。<br/><br/>教學風格強調基本功和技術細節，注重心靈平靜和集中力。啟發學生發掘潛力。無論您的經驗或年齡如何，他都調整課程以滿足需求，確保每位學生在弓道中進步。', '2023-10-09'),
(3, '寺尾藤梧', '教士 七段', '/images/teacher/teacher_3.webp', '擁有超過十五年的弓道經驗，曾受訓於多位知名大師並在國際和國內比賽中屢獲殊榮。他的弓道之旅始於年輕時，對日本文化和武道產生浓厚興趣，逐漸精通這門藝術。<br/><br/>教學風格強調基本功和技術細節，注重心靈平靜和集中力。啟發學生發掘潛力。無論您的經驗或年齡如何，他都調整課程以滿足需求，確保每位學生在弓道中進步。', '2023-10-09'),
(4, '方俊倫', '練士 五段', '/images/teacher/teacher_4.webp', '擁有超過十五年的弓道經驗，曾受訓於多位知名大師並在國際和國內比賽中屢獲殊榮。他的弓道之旅始於年輕時，對日本文化和武道產生浓厚興趣，逐漸精通這門藝術。<br/><br/>教學風格強調基本功和技術細節，注重心靈平靜和集中力。啟發學生發掘潛力。無論您的經驗或年齡如何，他都調整課程以滿足需求，確保每位學生在弓道中進步。', '2023-10-09'),
(5, '郭承碇', '練士 六段', '/images/teacher/teacher_5.webp', '擁有超過十五年的弓道經驗，曾受訓於多位知名大師並在國際和國內比賽中屢獲殊榮。他的弓道之旅始於年輕時，對日本文化和武道產生浓厚興趣，逐漸精通這門藝術。<br/><br/>教學風格強調基本功和技術細節，注重心靈平靜和集中力。啟發學生發掘潛力。無論您的經驗或年齡如何，他都調整課程以滿足需求，確保每位學生在弓道中進步。', '2023-10-09'),
(6, '李治遠', '教士 七段', '/images/teacher/teacher_6.webp', '擁有超過十五年的弓道經驗，曾受訓於多位知名大師並在國際和國內比賽中屢獲殊榮。他的弓道之旅始於年輕時，對日本文化和武道產生浓厚興趣，逐漸精通這門藝術。<br/><br/>教學風格強調基本功和技術細節，注重心靈平靜和集中力。啟發學生發掘潛力。無論您的經驗或年齡如何，他都調整課程以滿足需求，確保每位學生在弓道中進步。', '2023-10-09'),
(7, '任安其', '練士 五段', '/images/teacher/teacher_7.webp', '擁有超過十五年的弓道經驗，曾受訓於多位知名大師並在國際和國內比賽中屢獲殊榮。他的弓道之旅始於年輕時，對日本文化和武道產生浓厚興趣，逐漸精通這門藝術。<br/><br/>教學風格強調基本功和技術細節，注重心靈平靜和集中力。啟發學生發掘潛力。無論您的經驗或年齡如何，他都調整課程以滿足需求，確保每位學生在弓道中進步。', '2023-10-09'),
(8, '余馨', '練士 六段', '/images/teacher/teacher_8.webp', '擁有超過十五年的弓道經驗，曾受訓於多位知名大師並在國際和國內比賽中屢獲殊榮。他的弓道之旅始於年輕時，對日本文化和武道產生浓厚興趣，逐漸精通這門藝術。<br/><br/>教學風格強調基本功和技術細節，注重心靈平靜和集中力。啟發學生發掘潛力。無論您的經驗或年齡如何，他都調整課程以滿足需求，確保每位學生在弓道中進步。', '2023-10-09'),
(9, '談境華', '教士 七段', '/images/teacher/teacher_9.webp', '擁有超過十五年的弓道經驗，曾受訓於多位知名大師並在國際和國內比賽中屢獲殊榮。他的弓道之旅始於年輕時，對日本文化和武道產生浓厚興趣，逐漸精通這門藝術。<br/><br/>教學風格強調基本功和技術細節，注重心靈平靜和集中力。啟發學生發掘潛力。無論您的經驗或年齡如何，他都調整課程以滿足需求，確保每位學生在弓道中進步。', '2023-10-09');

-- --------------------------------------------------------

--
-- 資料表結構 `venue`
--

CREATE TABLE `venue` (
  `id` int(11) NOT NULL,
  `venue_position` varchar(20) NOT NULL,
  `venue_name` varchar(20) NOT NULL,
  `venue_img` varchar(255) NOT NULL,
  `price` int(7) NOT NULL
) ENGINE=InnoDB DEFAULT CHARSET=utf8mb4 COLLATE=utf8mb4_general_ci;

--
-- 傾印資料表的資料 `venue`
--

INSERT INTO `venue` (`id`, `venue_position`, `venue_name`, `venue_img`, `price`) VALUES
(1, '北部道場', '藏月弓道場', 'dojo_n.webp', 3000),
(2, '中部道場', '岡達弓道場', 'dojo_m.webp', 2000),
(3, '南部道場', '駁二弓道場', 'dojo_s.webp', 2500);

-- --------------------------------------------------------

--
-- 資料表結構 `venue_reserve`
--

CREATE TABLE `venue_reserve` (
  `id` int(11) NOT NULL,
  `venue_id` int(3) DEFAULT NULL,
  `date_1` date DEFAULT NULL,
  `date_2` date DEFAULT NULL,
  `date_3` date DEFAULT NULL,
  `date_4` date DEFAULT NULL,
  `date_5` date DEFAULT NULL,
  `rental_duration` int(3) DEFAULT NULL,
  `member_id` int(5) DEFAULT NULL,
  `reserve_name` varchar(20) DEFAULT NULL,
  `reserve_email` varchar(50) DEFAULT NULL,
  `reserve_phone` varchar(10) DEFAULT NULL,
  `price` int(7) DEFAULT NULL,
  `created_at` datetime NOT NULL DEFAULT current_timestamp()
) ENGINE=InnoDB DEFAULT CHARSET=utf8mb4 COLLATE=utf8mb4_general_ci;

--
-- 傾印資料表的資料 `venue_reserve`
--

INSERT INTO `venue_reserve` (`id`, `venue_id`, `date_1`, `date_2`, `date_3`, `date_4`, `date_5`, `rental_duration`, `member_id`, `reserve_name`, `reserve_email`, `reserve_phone`, `price`, `created_at`) VALUES
(18, NULL, '2023-10-27', NULL, NULL, NULL, NULL, 1, NULL, '', '', '', NULL, '0000-00-00 00:00:00'),
(19, NULL, '2023-11-05', '2023-11-19', NULL, NULL, NULL, 2, NULL, '蔡理臣', 'ccc2035@gmail.com', '0956206862', NULL, '0000-00-00 00:00:00');

--
-- 已傾印資料表的索引
--

--
-- 資料表索引 `arrow_length`
--
ALTER TABLE `arrow_length`
  ADD PRIMARY KEY (`id`);

--
-- 資料表索引 `arrow_meterial`
--
ALTER TABLE `arrow_meterial`
  ADD PRIMARY KEY (`id`);

--
-- 資料表索引 `arrow_shaft`
--
ALTER TABLE `arrow_shaft`
  ADD PRIMARY KEY (`id`);

--
-- 資料表索引 `bow_length`
--
ALTER TABLE `bow_length`
  ADD PRIMARY KEY (`id`);

--
-- 資料表索引 `bow_meterial`
--
ALTER TABLE `bow_meterial`
  ADD PRIMARY KEY (`id`);

--
-- 資料表索引 `bow_strength`
--
ALTER TABLE `bow_strength`
  ADD PRIMARY KEY (`id`);

--
-- 資料表索引 `coupon`
--
ALTER TABLE `coupon`
  ADD PRIMARY KEY (`id`);

--
-- 資料表索引 `course`
--
ALTER TABLE `course`
  ADD PRIMARY KEY (`id`);

--
-- 資料表索引 `fav_course`
--
ALTER TABLE `fav_course`
  ADD PRIMARY KEY (`id`);

--
-- 資料表索引 `fav_product`
--
ALTER TABLE `fav_product`
  ADD PRIMARY KEY (`id`);

--
-- 資料表索引 `member`
--
ALTER TABLE `member`
  ADD PRIMARY KEY (`id`);

--
-- 資料表索引 `member_coupon`
--
ALTER TABLE `member_coupon`
  ADD PRIMARY KEY (`id`);

--
-- 資料表索引 `order_detail`
--
ALTER TABLE `order_detail`
  ADD PRIMARY KEY (`id`);

--
-- 資料表索引 `order_list`
--
ALTER TABLE `order_list`
  ADD PRIMARY KEY (`id`);

--
-- 資料表索引 `otp`
--
ALTER TABLE `otp`
  ADD PRIMARY KEY (`id`);

--
-- 資料表索引 `product`
--
ALTER TABLE `product`
  ADD PRIMARY KEY (`id`);

--
-- 資料表索引 `product_arrow_length`
--
ALTER TABLE `product_arrow_length`
  ADD PRIMARY KEY (`id`);

--
-- 資料表索引 `product_arrow_meterial`
--
ALTER TABLE `product_arrow_meterial`
  ADD PRIMARY KEY (`id`);

--
-- 資料表索引 `product_arrow_shaft`
--
ALTER TABLE `product_arrow_shaft`
  ADD PRIMARY KEY (`id`);

--
-- 資料表索引 `product_attribute`
--
ALTER TABLE `product_attribute`
  ADD PRIMARY KEY (`id`);

--
-- 資料表索引 `product_bow_length`
--
ALTER TABLE `product_bow_length`
  ADD PRIMARY KEY (`id`);

--
-- 資料表索引 `product_bow_meterial`
--
ALTER TABLE `product_bow_meterial`
  ADD PRIMARY KEY (`id`);

--
-- 資料表索引 `product_bow_strength`
--
ALTER TABLE `product_bow_strength`
  ADD PRIMARY KEY (`id`);

--
-- 資料表索引 `product_suit_color`
--
ALTER TABLE `product_suit_color`
  ADD PRIMARY KEY (`id`);

--
-- 資料表索引 `product_suit_size`
--
ALTER TABLE `product_suit_size`
  ADD PRIMARY KEY (`id`);

--
-- 資料表索引 `rating_course`
--
ALTER TABLE `rating_course`
  ADD PRIMARY KEY (`id`);

--
-- 資料表索引 `shopping_cart`
--
ALTER TABLE `shopping_cart`
  ADD PRIMARY KEY (`id`);

--
-- 資料表索引 `suit_color`
--
ALTER TABLE `suit_color`
  ADD PRIMARY KEY (`id`);

--
-- 資料表索引 `suit_size`
--
ALTER TABLE `suit_size`
  ADD PRIMARY KEY (`id`);

--
-- 資料表索引 `syllabus`
--
ALTER TABLE `syllabus`
  ADD PRIMARY KEY (`id`);

--
-- 資料表索引 `teacher`
--
ALTER TABLE `teacher`
  ADD PRIMARY KEY (`id`);

--
-- 資料表索引 `venue`
--
ALTER TABLE `venue`
  ADD PRIMARY KEY (`id`);

--
-- 資料表索引 `venue_reserve`
--
ALTER TABLE `venue_reserve`
  ADD PRIMARY KEY (`id`);

--
-- 在傾印的資料表使用自動遞增(AUTO_INCREMENT)
--

--
-- 使用資料表自動遞增(AUTO_INCREMENT) `arrow_length`
--
ALTER TABLE `arrow_length`
  MODIFY `id` tinyint(4) NOT NULL AUTO_INCREMENT, AUTO_INCREMENT=5;

--
-- 使用資料表自動遞增(AUTO_INCREMENT) `arrow_meterial`
--
ALTER TABLE `arrow_meterial`
  MODIFY `id` tinyint(4) NOT NULL AUTO_INCREMENT, AUTO_INCREMENT=5;

--
-- 使用資料表自動遞增(AUTO_INCREMENT) `arrow_shaft`
--
ALTER TABLE `arrow_shaft`
  MODIFY `id` tinyint(4) NOT NULL AUTO_INCREMENT, AUTO_INCREMENT=5;

--
-- 使用資料表自動遞增(AUTO_INCREMENT) `bow_length`
--
ALTER TABLE `bow_length`
  MODIFY `id` tinyint(4) NOT NULL AUTO_INCREMENT, AUTO_INCREMENT=5;

--
-- 使用資料表自動遞增(AUTO_INCREMENT) `bow_meterial`
--
ALTER TABLE `bow_meterial`
  MODIFY `id` tinyint(4) NOT NULL AUTO_INCREMENT, AUTO_INCREMENT=5;

--
-- 使用資料表自動遞增(AUTO_INCREMENT) `bow_strength`
--
ALTER TABLE `bow_strength`
  MODIFY `id` tinyint(4) NOT NULL AUTO_INCREMENT, AUTO_INCREMENT=5;

--
-- 使用資料表自動遞增(AUTO_INCREMENT) `coupon`
--
ALTER TABLE `coupon`
  MODIFY `id` int(11) NOT NULL AUTO_INCREMENT, AUTO_INCREMENT=15;

--
-- 使用資料表自動遞增(AUTO_INCREMENT) `course`
--
ALTER TABLE `course`
  MODIFY `id` int(6) NOT NULL AUTO_INCREMENT, AUTO_INCREMENT=22;

--
-- 使用資料表自動遞增(AUTO_INCREMENT) `fav_course`
--
ALTER TABLE `fav_course`
  MODIFY `id` int(11) NOT NULL AUTO_INCREMENT, AUTO_INCREMENT=32;

--
-- 使用資料表自動遞增(AUTO_INCREMENT) `fav_product`
--
ALTER TABLE `fav_product`
  MODIFY `id` int(11) NOT NULL AUTO_INCREMENT, AUTO_INCREMENT=17;

--
-- 使用資料表自動遞增(AUTO_INCREMENT) `member`
--
ALTER TABLE `member`
  MODIFY `id` int(6) UNSIGNED NOT NULL AUTO_INCREMENT, AUTO_INCREMENT=6;

--
-- 使用資料表自動遞增(AUTO_INCREMENT) `member_coupon`
--
ALTER TABLE `member_coupon`
  MODIFY `id` int(11) NOT NULL AUTO_INCREMENT, AUTO_INCREMENT=27;

--
-- 使用資料表自動遞增(AUTO_INCREMENT) `order_detail`
--
ALTER TABLE `order_detail`
  MODIFY `id` int(11) NOT NULL AUTO_INCREMENT, AUTO_INCREMENT=168;

--
-- 使用資料表自動遞增(AUTO_INCREMENT) `order_list`
--
ALTER TABLE `order_list`
  MODIFY `id` int(11) NOT NULL AUTO_INCREMENT, AUTO_INCREMENT=78;

--
-- 使用資料表自動遞增(AUTO_INCREMENT) `otp`
--
ALTER TABLE `otp`
  MODIFY `id` int(11) NOT NULL AUTO_INCREMENT, AUTO_INCREMENT=14;

--
-- 使用資料表自動遞增(AUTO_INCREMENT) `product`
--
ALTER TABLE `product`
  MODIFY `id` int(11) NOT NULL AUTO_INCREMENT, AUTO_INCREMENT=141;

--
-- 使用資料表自動遞增(AUTO_INCREMENT) `product_arrow_length`
--
ALTER TABLE `product_arrow_length`
  MODIFY `id` int(11) NOT NULL AUTO_INCREMENT, AUTO_INCREMENT=25;

--
-- 使用資料表自動遞增(AUTO_INCREMENT) `product_arrow_meterial`
--
ALTER TABLE `product_arrow_meterial`
  MODIFY `id` int(11) NOT NULL AUTO_INCREMENT, AUTO_INCREMENT=25;

--
-- 使用資料表自動遞增(AUTO_INCREMENT) `product_arrow_shaft`
--
ALTER TABLE `product_arrow_shaft`
  MODIFY `id` int(11) NOT NULL AUTO_INCREMENT, AUTO_INCREMENT=25;

--
-- 使用資料表自動遞增(AUTO_INCREMENT) `product_attribute`
--
ALTER TABLE `product_attribute`
  MODIFY `id` int(4) NOT NULL AUTO_INCREMENT, AUTO_INCREMENT=9;

--
-- 使用資料表自動遞增(AUTO_INCREMENT) `product_bow_length`
--
ALTER TABLE `product_bow_length`
  MODIFY `id` int(11) NOT NULL AUTO_INCREMENT, AUTO_INCREMENT=25;

--
-- 使用資料表自動遞增(AUTO_INCREMENT) `product_bow_meterial`
--
ALTER TABLE `product_bow_meterial`
  MODIFY `id` int(11) NOT NULL AUTO_INCREMENT, AUTO_INCREMENT=25;

--
-- 使用資料表自動遞增(AUTO_INCREMENT) `product_bow_strength`
--
ALTER TABLE `product_bow_strength`
  MODIFY `id` int(11) NOT NULL AUTO_INCREMENT, AUTO_INCREMENT=25;

--
-- 使用資料表自動遞增(AUTO_INCREMENT) `product_suit_color`
--
ALTER TABLE `product_suit_color`
  MODIFY `id` int(11) NOT NULL AUTO_INCREMENT;

--
-- 使用資料表自動遞增(AUTO_INCREMENT) `product_suit_size`
--
ALTER TABLE `product_suit_size`
  MODIFY `id` int(11) NOT NULL AUTO_INCREMENT;

--
-- 使用資料表自動遞增(AUTO_INCREMENT) `rating_course`
--
ALTER TABLE `rating_course`
  MODIFY `id` int(6) NOT NULL AUTO_INCREMENT, AUTO_INCREMENT=88;

--
-- 使用資料表自動遞增(AUTO_INCREMENT) `shopping_cart`
--
ALTER TABLE `shopping_cart`
  MODIFY `id` int(11) NOT NULL AUTO_INCREMENT, AUTO_INCREMENT=165;

--
-- 使用資料表自動遞增(AUTO_INCREMENT) `suit_color`
--
ALTER TABLE `suit_color`
  MODIFY `id` int(11) NOT NULL AUTO_INCREMENT, AUTO_INCREMENT=3;

--
-- 使用資料表自動遞增(AUTO_INCREMENT) `suit_size`
--
ALTER TABLE `suit_size`
  MODIFY `id` tinyint(4) NOT NULL AUTO_INCREMENT, AUTO_INCREMENT=5;

--
-- 使用資料表自動遞增(AUTO_INCREMENT) `syllabus`
--
ALTER TABLE `syllabus`
  MODIFY `id` int(6) NOT NULL AUTO_INCREMENT, AUTO_INCREMENT=22;

--
-- 使用資料表自動遞增(AUTO_INCREMENT) `teacher`
--
ALTER TABLE `teacher`
  MODIFY `id` int(6) NOT NULL AUTO_INCREMENT, AUTO_INCREMENT=10;

--
-- 使用資料表自動遞增(AUTO_INCREMENT) `venue`
--
ALTER TABLE `venue`
  MODIFY `id` int(11) NOT NULL AUTO_INCREMENT, AUTO_INCREMENT=4;

--
-- 使用資料表自動遞增(AUTO_INCREMENT) `venue_reserve`
--
ALTER TABLE `venue_reserve`
  MODIFY `id` int(11) NOT NULL AUTO_INCREMENT, AUTO_INCREMENT=20;
COMMIT;

/*!40101 SET CHARACTER_SET_CLIENT=@OLD_CHARACTER_SET_CLIENT */;
/*!40101 SET CHARACTER_SET_RESULTS=@OLD_CHARACTER_SET_RESULTS */;
/*!40101 SET COLLATION_CONNECTION=@OLD_COLLATION_CONNECTION */;
